"Adjusted Ending Value with Multiple and Unfunded",2/1/2021,"Venture Capital and Private Equity _NEW ",USD,GroupBy1,GroupBy2,GroupBy3,Investment,Commitment,"Unfunded Commitment",Funding,"Additional Fees",Cash,Stock,"Valuation Date","Reported Valuation",Adjustments,"Adjusted Valuation",IRR,TVPI
,,,,"Kamehameha Schools - Financial Assets Division",,,"5AM Ventures IV LP","18,000,000",0,"15,965,370","2,034,630","6,562,914","1,612,460",9/30/2020,"23,770,800","-3,417,369","20,353,431",11.92,1.58
,,,,"Kamehameha Schools - Financial Assets Division",,,"5AM Ventures V LP","10,000,000","350,000","8,403,800","1,246,200",0,0,9/30/2020,"9,598,553","445,000","10,043,553",1.87,1.04
,,,,"Kamehameha Schools - Financial Assets Division",,,"83North FXV III Limited Partnership","3,085,000","1,079,750","2,005,250",0,0,0,9/30/2020,"1,074,781","925,500","2,000,281",-0.35,1.00
,,,,"Kamehameha Schools - Financial Assets Division",,,"83North FXV Limited Partnership","3,085,000","107,975","2,977,025",0,0,0,9/30/2020,"2,930,853",0,"2,930,853",-1.54,0.98
,,,,"Kamehameha Schools - Financial Assets Division",,,"83North IV Limited Partnership","7,500,000","2,437,500","5,062,500",0,0,0,9/30/2020,"4,412,694","637,500","5,050,194",-0.15,1.00
,,,,"Kamehameha Schools - Financial Assets Division",,,"83North V Limited Partnership","6,171,000","3,548,325","2,622,675",0,0,0,9/30/2020,"2,021,929","524,535","2,546,464",-4.95,0.97
,,,,"Kamehameha Schools - Financial Assets Division",,,"A-Fund II LP","5,000,000","250,000","4,750,000",0,"1,600,000",0,9/30/2020,"9,343,459","-1,500,000","7,843,459",18.18,1.99
,,,,"Kamehameha Schools - Financial Assets Division",,,"A-Fund III LP","4,000,000","2,800,000","1,200,000",0,0,0,9/30/2020,"837,228","200,000","1,037,228",-9.52,0.86
,,,,"Kamehameha Schools - Financial Assets Division",,,"Accel Growth Fund IV LP","6,600,000","297,000","6,303,000",0,"120,369","945,656",9/30/2020,"8,061,539","-400,109","7,661,430",11.58,1.38
,,,,"Kamehameha Schools - Financial Assets Division",,,"Accel Growth Fund V LP","9,000,000","3,690,000","5,310,000",0,"59,137",0,9/30/2020,"4,831,523","540,000","5,371,523",1.94,1.02
,,,,"Kamehameha Schools - Financial Assets Division",,,"Accel India V LP","7,000,000","490,000","6,510,000",0,0,0,9/30/2020,"7,287,381",0,"7,287,381",4.93,1.12
,,,,"Kamehameha Schools - Financial Assets Division",,,"Accel India VI LP","9,000,000","7,065,000","1,935,000",0,0,0,9/30/2020,"1,312,586","450,000","1,762,586",-12.91,0.91
,,,,"Kamehameha Schools - Financial Assets Division",,,"Accel Leaders 3  LP","5,000,000","5,000,000",0,0,0,0,,N/A,0,0,N/A,N/A
,,,,"Kamehameha Schools - Financial Assets Division",,,"Accel Leaders Fund II LP","3,000,000",0,"3,000,000",0,0,0,9/30/2020,"2,166,136","810,000","2,976,136",-0.96,0.99
,,,,"Kamehameha Schools - Financial Assets Division",,,"Accel Leaders Fund LP","1,650,000",0,"1,650,000",0,"443,565","1,795,056",9/30/2020,"5,366,979","-943,688","4,423,291",62.16,4.04
,,,,"Kamehameha Schools - Financial Assets Division",,,"Accel XIII LP","3,000,000","750,000","2,250,000",0,0,0,9/30/2020,"2,237,414","240,000","2,477,414",3.82,1.10
,,,,"Kamehameha Schools - Financial Assets Division",,,"Accel XIV LP","4,500,000","2,227,500","2,272,500",0,0,0,9/30/2020,"1,600,192","585,000","2,185,192",-4.14,0.96
,,,,"Kamehameha Schools - Financial Assets Division",,,"Advantage Partners Fund IV","1,704,691","89,890","2,092,836","323,014","3,116,180",0,9/30/2020,"8,289",66,"8,356",5.41,1.29
,,,,"Kamehameha Schools - Financial Assets Division",,,"AH Parallel Fund V-Q LP","1,666,667","50,000","1,542,500","74,167",0,0,9/30/2020,"2,294,429","7,167","2,301,596",15.56,1.42
,,,,"Kamehameha Schools - Financial Assets Division",,,"Alphax Partners Fund I LP","10,000,000","1,619,315","7,825,000","555,685",0,0,9/30/2020,"6,096,248",0,"6,096,248",-11.51,0.73
,,,,"Kamehameha Schools - Financial Assets Division",,,"Andreessen Horowitz Fund V-Q LP","3,333,333","100,000","2,955,666","277,667",0,0,9/30/2020,"3,607,627","141,333","3,748,960",6.72,1.16
,,,,"Kamehameha Schools - Financial Assets Division",,,"Andreessen Horowitz Fund VI LP","4,000,000","600,000","3,197,300","202,700",0,0,9/30/2020,"3,113,699","470,800","3,584,499",5.59,1.05
,,,,"Kamehameha Schools - Financial Assets Division",,,"Andreessen Horowitz LSV Fund I LP","10,000,000","1,300,000","8,580,500","119,500",0,0,9/30/2020,"8,382,152","1,098,000","9,480,152",8.96,1.09
,,,,"Kamehameha Schools - Financial Assets Division",,,"ARCH Venture Fund XI LP","25,000,000","25,000,000",0,0,0,0,,N/A,0,0,N/A,N/A
,,,,"Kamehameha Schools - Financial Assets Division",,,"Arcline Capital Partners II LP","30,000,000","30,000,000",0,0,0,0,,N/A,0,0,N/A,N/A
,,,,"Kamehameha Schools - Financial Assets Division",,,"Arsenal Venture Partners II, L.P.","3,000,000","179,788","2,624,073","508,728","592,155",0,9/30/2020,"2,808,117",0,"2,808,117",1.66,1.09
,,,,"Kamehameha Schools - Financial Assets Division",,,"Asia/Pacific Special Situations Fund, L.P.","5,000,000",0,"5,000,000",0,"3,821,747",0,12/31/2008,0,0,0,-3.39,0.76
,,,,"Kamehameha Schools - Financial Assets Division",,,"Bain Capital Fund IX, L.P.","16,000,000","400,000","15,640,000","415,008","24,265,827",0,9/30/2020,"775,869",0,"775,869",7.28,1.56
,,,,"Kamehameha Schools - Financial Assets Division",,,"Bain Capital Fund X, L.P.","20,000,000","599,086","20,928,914","222,000","30,775,938",0,9/30/2020,"3,121,544",0,"3,121,544",9.48,1.60
,,,,"Kamehameha Schools - Financial Assets Division",,,"Bain Capital Fund XI, L.P.","20,000,000","3,400,000","20,818,000","682,000","26,969,449",0,9/30/2020,"18,162,496","-2,360,814","15,801,682",26.14,1.99
,,,,"Kamehameha Schools - Financial Assets Division",,,"Bain Capital Fund XII LP","20,000,000","6,239,458","16,596,226","722,053","3,623,720",0,9/30/2020,"12,262,736","1,198,017","13,460,753",-1.18,0.99
,,,,"Kamehameha Schools - Financial Assets Division",,,"BDM Holdings, Inc.","251,690",0,"251,690",0,"287,059",0,3/31/2009,0,0,0,0.97,1.14
,,,,"Kamehameha Schools - Financial Assets Division",,,"Blackstone Capital Partners V, L.P.","25,000,000","1,209,524","24,757,036","1,377,920","41,797,733",0,9/30/2020,"1,056,507","-308,414","748,093",7.53,1.63
,,,,"Kamehameha Schools - Financial Assets Division",,,"Bridgepoint Europe III","16,571,859",0,"18,165,617","526,999","20,469,529",0,12/31/2016,0,0,0,1.33,1.10
,,,,"Kamehameha Schools - Financial Assets Division",,,"Bridgepoint Europe IV","18,223,500","1,506,695","18,991,383","1,305,948","27,252,555",0,9/30/2020,"3,321,136","119,659","3,440,795",9.69,1.51
,,,,"Kamehameha Schools - Financial Assets Division",,,"Bridgepoint Europe V LP","9,111,750","404,118","8,242,966","519,667","4,365,323",0,9/30/2020,"8,814,085","250,702","9,064,788",16.22,1.53
,,,,"Kamehameha Schools - Financial Assets Division",,,"Capital Partners III LP","16,500,000","528,000","14,832,502","1,139,498","4,129,199","10,557,871",9/30/2020,"27,813,505","-3,066,384","24,747,121",22.18,2.47
,,,,"Kamehameha Schools - Financial Assets Division",,,"Capital Z Financial Services Fund II, L.P.","24,792,750",0,"22,948,309","3,368,207","35,536,363","920,019",3/31/2017,0,0,0,5.43,1.39
,,,,"Kamehameha Schools - Financial Assets Division",,,"Ceyuan Ventures III, LP","10,000,000","400,000","9,595,000","270,730","9,280,447",0,9/30/2020,"14,372,841","-1,364,824","13,008,017",13.61,2.26
,,,,"Kamehameha Schools - Financial Assets Division",,,"Champion Ventures III, L.P.","10,000,000","675,000","9,170,048","154,952","18,800,000",0,9/30/2020,"1,796,390","-200,000","1,596,390",12.43,2.19
,,,,"Kamehameha Schools - Financial Assets Division",,,"Charles River Partnership XIII","5,000,000",0,"5,000,000",0,"3,742,371","8,379,431",9/30/2020,"869,465",0,"869,465",20.57,2.60
,,,,"Kamehameha Schools - Financial Assets Division",,,"Charles River Partnership XIV, L.P.","5,000,000",0,"5,000,000",0,"5,226,794","247,943",9/30/2020,"2,557,722",0,"2,557,722",7.43,1.61
,,,,"Kamehameha Schools - Financial Assets Division",,,"Charles River Partnership XV, L.P.","10,000,000","275,000","9,725,000",0,"6,153,268","1,171,031",9/30/2020,"17,928,762","37,515","17,966,277",19.40,2.60
,,,,"Kamehameha Schools - Financial Assets Division",,,"Charles River Partnership XVI LP","15,000,000","525,000","14,475,000",0,"2,152,461","933,711",9/30/2020,"28,864,732","-933,711","27,931,021",21.85,2.14
,,,,"Kamehameha Schools - Financial Assets Division",,,"Charles River Ventures XVII LP","10,000,000","1,000,000","9,000,000",0,"361,888","234,842",9/30/2020,"9,066,520","1,775,000","10,841,520",20.26,1.27
,,,,"Kamehameha Schools - Financial Assets Division",,,"Charterhouse Capital Partners VIII, L.P.","10,904,031",0,"11,295,838","1,043,430","11,828,851",0,9/30/2020,"12,088","-12,763",-675,-0.68,0.96
,,,,"Kamehameha Schools - Financial Assets Division",,,"CHS Private Equity V, L.P.","12,920,445",0,"17,043,609","335,499","28,163,146","681,846",12/15/2020,0,0,0,9.86,1.66
,,,,"Kamehameha Schools - Financial Assets Division",,,"Cornerstone Equity Investors IV, L.P.","5,000,000",0,"5,000,000",0,"10,640,141",0,12/21/2009,0,0,0,11.79,2.13
,,,,"Kamehameha Schools - Financial Assets Division",,,"Corsair III Financial Services Capital Partners","15,000,000","830,339","19,040,204","3,096,786","15,152,939",0,9/30/2020,"4,687,835","-34,054","4,653,781",-2.03,0.89
,,,,"Kamehameha Schools - Financial Assets Division",,,"Corsair IV Financial Services Capital Partners","15,000,000","5,244,561","19,933,125","1,910,769","26,448,081",0,9/30/2020,"7,873,408",0,"7,873,408",11.30,1.57
,,,,"Kamehameha Schools - Financial Assets Division",,,"Crimson Asia Capital Ltd., L.P.","20,000,000","1,630,725","18,333,451","6,639,146","27,362,420",0,9/30/2020,"-226,582",0,"-226,582",1.75,1.09
,,,,"Kamehameha Schools - Financial Assets Division",,,"Crimson Velocity Fund, L.P.","10,000,000","1,149","10,077,246","3,520,878","14,261,934",0,9/30/2020,"250,734",0,"250,734",0.88,1.07
,,,,"Kamehameha Schools - Financial Assets Division",,,"CrossCut Ventures 3 LP","5,000,000","500,000","4,500,000",0,"424,592",0,9/30/2020,"4,684,527",0,"4,684,527",3.62,1.14
,,,,"Kamehameha Schools - Financial Assets Division",,,"CrossCut Ventures 4 LP","10,000,000","3,800,000","6,200,000",0,0,0,9/30/2020,"6,366,507","600,000","6,966,507",6.34,1.12
,,,,"Kamehameha Schools - Financial Assets Division",,,"Crossroads Cornerstone Private Equity XV, L.P.","35,320,609",0,"33,752,048","1,331,269","24,474,223","1,118,687",3/8/2018,0,0,0,-5.58,0.73
,,,,"Kamehameha Schools - Financial Assets Division",,,"CVC Capital Partners Asia Pacific II, L.P.","11,906,951",0,"11,953,704","1,028,886","9,605,775",0,12/31/2019,0,0,0,-5.24,0.74
,,,,"Kamehameha Schools - Financial Assets Division",,,"CVC Capital Partners VI LP","24,228,400","4,578,176","24,262,567","2,485,476","14,749,701",0,9/30/2020,"23,432,221","791,159","24,223,380",13.37,1.46
,,,,"Kamehameha Schools - Financial Assets Division",,,"CVC Capital Partners VII LP","29,157,600","10,714,403","15,828,595","2,024,023","725,617",0,9/30/2020,"14,917,338","4,020,928","18,938,267",8.47,1.10
,,,,"Kamehameha Schools - Financial Assets Division",,,"CVC European Equity Partners IV, L.P.","12,149,000","1,402,200","12,153,011","694,745","24,462,594",0,6/30/2020,"4,221","20,593","24,814",16.62,1.91
,,,,"Kamehameha Schools - Financial Assets Division",,,"CVC European Equity Partners V (B) LP","12,149,000","173,518","14,711,189","1,111,502","29,624,016",0,6/30/2020,"1,661,303","-1,289,758","371,544",16.47,1.90
,,,,"Kamehameha Schools - Financial Assets Division",,,"DCM Ventures China Fund ( DCM VIII) LP","10,000,000","375,000","9,625,000",0,0,0,9/30/2020,"12,987,898",0,"12,987,898",10.53,1.35
,,,,"Kamehameha Schools - Financial Assets Division",,,"DCM Ventures China Fund IX LP","15,000,000","9,750,000","5,250,000",0,0,0,9/30/2020,"6,221,813",0,"6,221,813",11.21,1.19
,,,,"Kamehameha Schools - Financial Assets Division",,,"DCM Ventures China Turbo Fund LP","20,000,000",0,"20,000,000",0,"10,000,000",0,9/30/2020,"24,973,840",0,"24,973,840",13.14,1.75
,,,,"Kamehameha Schools - Financial Assets Division",,,"Deerfield Private Design Fund III LP","30,000,000","13,849,313","24,000,000",0,"7,849,313",0,9/30/2020,"26,467,341",0,"26,467,341",7.77,1.43
,,,,"Kamehameha Schools - Financial Assets Division",,,"Deerfield Private Design Fund IV LP","30,000,000","4,200,000","27,000,000",0,"1,200,000",0,9/30/2020,"28,803,975",0,"28,803,975",4.81,1.11
,,,,"Kamehameha Schools - Financial Assets Division",,,"Doughty Hanson & Co. Fund III, L.P.","11,022,190",0,"11,559,488","885,047","24,236,513",0,7/31/2018,0,0,0,13.57,1.95
,,,,"Kamehameha Schools - Financial Assets Division",,,"Erebor LP","7,000,000","7,000,000",0,0,0,0,,N/A,0,0,N/A,N/A
,,,,"Kamehameha Schools - Financial Assets Division",,,"European Special Situations Fund, L.P.","10,000,000",0,"10,000,000","36,603","23,715,076",0,12/31/2004,0,0,0,16.76,2.36
,,,,"Kamehameha Schools - Financial Assets Division",,,"Felicis Ventures V LP","5,000,000","100,000","4,900,000",0,0,0,9/30/2020,"8,729,907","100,000","8,829,907",22.50,1.80
,,,,"Kamehameha Schools - Financial Assets Division",,,"Formation8 Partners Fund II LP","6,750,000","600,000","5,838,113","311,887",0,"1,814,414",9/30/2020,"9,868,841",0,"9,868,841",14.50,1.90
,,,,"Kamehameha Schools - Financial Assets Division",,,"Founders Fund II","10,000,000",0,"10,000,000",0,"28,294,457","5,096,931",9/30/2020,"76,405,300","-291,179","76,114,121",26.40,10.95
,,,,"Kamehameha Schools - Financial Assets Division",,,"Founders Fund III","6,000,000",0,"6,000,000",0,"2,573,131","2,264,021",9/30/2020,"22,449,260","-203,949","22,245,311",18.80,4.51
,,,,"Kamehameha Schools - Financial Assets Division",,,"Founders Fund IV","10,000,000","300,000","9,700,000",0,"6,558,462","11,159,842",9/30/2020,"35,029,222","-2,971,127","32,058,095",28.64,5.13
,,,,"Kamehameha Schools - Financial Assets Division",,,"Founders Fund V, L.P.","16,000,000","320,000","15,680,000",0,"2,964,722","2,800,102",9/30/2020,"44,435,533","-392,350","44,043,183",27.90,3.18
,,,,"Kamehameha Schools - Financial Assets Division",,,"Founders Fund VI, L.P","16,000,000","320,000","15,680,000",0,0,0,9/30/2020,"22,879,376",0,"22,879,376",19.85,1.46
,,,,"Kamehameha Schools - Financial Assets Division",,,"Francisco Partners Agility","15,000,000","1,650,000","12,438,480","911,520","2,790,000",0,9/30/2020,"22,298,685","-225,000","22,073,685",53.13,1.86
,,,,"Kamehameha Schools - Financial Assets Division",,,"Francisco Partners Agility II","15,000,000","14,100,000","867,568","32,432",0,0,9/30/2020,"797,018",0,"797,018",-11.44,0.89
,,,,"Kamehameha Schools - Financial Assets Division",,,"Francisco Partners II, L.P.","10,000,000","690,000","9,382,639","333,375","13,907,613","510,599",9/30/2020,"1,236,473","-195,000","1,041,473",10.01,1.59
,,,,"Kamehameha Schools - Financial Assets Division",,,"Francisco Partners III, L.P.","10,000,000","865,000","8,569,969","664,741","16,401,672","1,323,272",9/30/2020,"9,920,350","-2,171,965","7,748,385",21.10,2.76
,,,,"Kamehameha Schools - Financial Assets Division",,,"Francisco Partners IV LP","15,000,000","382,500","13,883,749","733,751","14,551,733",0,9/30/2020,"34,484,801","-1,897,730","32,587,071",36.18,3.22
,,,,"Kamehameha Schools - Financial Assets Division",,,"Francisco Partners V LP","15,000,000","1,387,500","12,892,277","720,223",0,0,9/30/2020,"12,493,039","2,933,430","15,426,469",9.26,1.13
,,,,"Kamehameha Schools - Financial Assets Division",,,"Francisco Partners VI LP","15,000,000","14,887,500",0,"112,500",0,0,,N/A,0,0,-100.00,0.00
,,,,"Kamehameha Schools - Financial Assets Division",,,"FT Ventures Fund III, L.P.","10,000,000","-74,391","10,950,207","394,289","20,743,115","1,400,160",9/30/2020,"3,019,666","-522,552","2,497,114",15.37,2.17
,,,,"Kamehameha Schools - Financial Assets Division",,,"FTV IV, LP","30,000,000","-88,098","37,432,894","1,199,260","51,079,915",0,9/30/2020,"47,103,781","-13,115,577","33,988,204",19.43,2.20
,,,,"Kamehameha Schools - Financial Assets Division",,,"FTV V LP","30,000,000","900,000","28,196,650","2,403,350","1,500,000",0,9/30/2020,"45,423,270","1,692,000","47,115,270",22.63,1.59
,,,,"Kamehameha Schools - Financial Assets Division",,,"FTV VI LP","30,000,000","18,600,000","10,863,194","536,806",0,0,9/30/2020,"7,657,480","4,833,000","12,490,480",16.35,1.10
,,,,"Kamehameha Schools - Financial Assets Division",,,"General Catalyst Group IX LP","10,000,000","1,550,000","7,822,150","627,850",0,0,9/30/2020,"10,057,406","549,000","10,606,406",15.06,1.26
,,,,"Kamehameha Schools - Financial Assets Division",,,"General Catalyst Group X - Early Venture LP","6,521,739","3,750,000","2,626,973","144,766",0,0,9/30/2020,"1,362,680","1,261,565","2,624,245",-9.24,0.95
,,,,"Kamehameha Schools - Financial Assets Division",,,"General Catalyst Group X - Endurance LP","7,608,696","5,364,131","2,227,001","17,565",0,0,9/30/2020,"2,101,994","148,370","2,250,364",0.33,1.00
,,,,"Kamehameha Schools - Financial Assets Division",,,"General Catalyst Group X - Growth Venture LP","10,869,565","5,434,782","5,218,859","215,924",0,0,9/30/2020,"2,273,657","3,036,755","5,310,412",-4.19,0.98
,,,,"Kamehameha Schools - Financial Assets Division",,,"GGV Capital VI LP","4,500,000","157,500","4,231,656","110,844",0,0,9/30/2020,"6,926,820","156,172","7,082,992",18.05,1.63
,,,,"Kamehameha Schools - Financial Assets Division",,,"GGV Capital VI Plus LP","1,500,000","127,500","1,369,843","2,657",0,0,9/30/2020,"1,882,397","74,336","1,956,733",20.36,1.43
,,,,"Kamehameha Schools - Financial Assets Division",,,"GGV Capital VII LP","12,000,000","3,600,000","7,941,645","458,355",0,0,9/30/2020,"6,252,875","2,396,482","8,649,357",3.17,1.03
,,,,"Kamehameha Schools - Financial Assets Division",,,"GGV Capital VII Plus LP","3,000,000","1,080,000","1,916,726","3,274",0,0,9/30/2020,"1,889,000","298,827","2,187,827",13.72,1.14
,,,,"Kamehameha Schools - Financial Assets Division",,,"GGV Discovery Fund I LP","1,000,000","60,000","926,404","13,596","5,890",0,9/30/2020,"1,278,500","39,688","1,318,188",12.33,1.41
,,,,"Kamehameha Schools - Financial Assets Division",,,"GGV Discovery II LP","10,000,000","3,450,000","6,096,332","453,668",0,0,9/30/2020,"5,186,753","1,782,952","6,969,705",6.96,1.06
,,,,"Kamehameha Schools - Financial Assets Division",,,"GS Capital Partners III, L.P.","26,583,266",0,"25,877,656","1,649,166","27,943,423",0,3/31/2015,0,0,0,0.34,1.02
,,,,"Kamehameha Schools - Financial Assets Division",,,"GS Capital Partners, L.P.","19,795,486",0,"19,265,822","869,296","48,480,297","16,565,556",12/31/2007,0,0,0,25.43,3.23
,,,,"Kamehameha Schools - Financial Assets Division",,,"GS Special Opportunities (Asia) Fund, L.P.","20,000,000",0,"20,000,000",0,"32,177,354",0,3/21/2013,0,0,0,24.42,1.61
,,,,"Kamehameha Schools - Financial Assets Division",,,"Hicks, Muse, Tate & Furst Equity Fund IV, L.P.","19,606,872",0,"18,281,585","1,325,287","11,954,317","1,403,397",12/4/2017,0,0,0,-6.31,0.68
,,,,"Kamehameha Schools - Financial Assets Division",,,"Highland Capital Partners 9 LP","15,000,000",0,"15,000,000",0,"10,270,569",0,9/30/2020,"24,877,489","-5,148,059","19,729,430",16.51,2.00
,,,,"Kamehameha Schools - Financial Assets Division",,,"Highland Capital Partners IV, L.P.","5,000,000",0,"5,000,000",0,"2,106,015","4,742,057",9/30/2020,0,0,0,10.76,1.37
,,,,"Kamehameha Schools - Financial Assets Division",,,"Highland Capital Partners V/V-B, L.P.","7,500,000",0,"7,500,000",0,"5,517,459","2,258,899",9/30/2020,0,0,0,0.56,1.04
,,,,"Kamehameha Schools - Financial Assets Division",,,"Highland Capital Partners VI, L.P.","5,000,000",0,"5,000,000",0,"3,036,686","4,892,787",9/30/2020,"70,868",0,"70,868",11.35,1.60
,,,,"Kamehameha Schools - Financial Assets Division",,,"Highland Capital Partners VII, L.P.","10,000,000",0,"10,000,000",0,"8,083,040","3,841,836",9/30/2020,"3,139,690","-196,150","2,943,540",5.76,1.49
,,,,"Kamehameha Schools - Financial Assets Division",,,"Highland Capital Partners VIII","6,000,000",0,"6,000,000",0,"2,184,925",0,9/30/2020,"5,708,139",0,"5,708,139",4.03,1.32
,,,,"Kamehameha Schools - Financial Assets Division",,,"Hillhouse Focused Growth Fund V LP","20,000,000","19,020,399","759,602","220,000","189,139",0,,N/A,"571,734","571,734",-18.20,0.78
,,,,"Kamehameha Schools - Financial Assets Division",,,"Hillhouse Fund II LP","15,000,000","6,231,905","17,952,265","233,666","21,389,591",0,9/30/2020,"33,208,318","-2,465,457","30,742,861",26.93,2.87
,,,,"Kamehameha Schools - Financial Assets Division",,,"Hillhouse Fund III Feeder LP","32,000,000","3,856,654","34,014,652","395,319","19,373,334",0,9/30/2020,"42,080,959","387,808","42,468,767",23.76,1.80
,,,,"Kamehameha Schools - Financial Assets Division",,,"Hillhouse Fund IV Feeder LP","32,000,000","53,196","33,466,301","2,406,105","6,346,313",0,9/30/2020,"43,195,812","-2,382,936","40,812,876",38.04,1.31
,,,,"Kamehameha Schools - Financial Assets Division",,,"Hillhouse Fund V Feeder LP","10,000,000","10,000,000",0,0,0,0,,N/A,0,0,N/A,N/A
,,,,"Kamehameha Schools - Financial Assets Division",,,"Hillhouse Fund V Feeder LP","10,000,000","9,633,476","400,000","71,848","160,051",0,,N/A,"239,949","239,949",-19.63,0.85
,,,,"Kamehameha Schools - Financial Assets Division",,,"IDG China Capital Fund III LP","15,000,000","450,000","14,550,000",0,"3,274,509",0,9/30/2020,"17,264,704","300,000","17,564,704",11.21,1.43
,,,,"Kamehameha Schools - Financial Assets Division",,,"IDG China Venture Capital V LP","15,000,000","2,250,000","12,750,000",0,0,0,9/30/2020,"14,047,241","750,000","14,797,241",7.88,1.16
,,,,"Kamehameha Schools - Financial Assets Division",,,"Industrial Growth Partners III","8,723,765",0,"8,733,272","888,316","21,793,628",0,12/31/2018,0,0,0,29.38,2.27
,,,,"Kamehameha Schools - Financial Assets Division",,,"Industrial Growth Partners IV, L.P.","15,000,000","2,159,132","15,123,813","1,794,162","26,406,181",0,9/30/2020,"1,712,868","-20,586","1,692,282",16.39,1.66
,,,,"Kamehameha Schools - Financial Assets Division",,,"Industrial Growth Partners V LP","16,500,000","5,377,552","15,303,750","1,326,547","7,311,652",0,9/30/2020,"8,288,936","1,642,079","9,931,015",2.75,1.04
,,,,"Kamehameha Schools - Financial Assets Division",,,"Initialized Annex LP","15,000,000",0,"15,000,000",0,"180,804",0,9/30/2020,"18,949,143","750,000","19,699,143",11.36,1.33
,,,,"Kamehameha Schools - Financial Assets Division",,,"Initialized III LP","10,000,000","400,000","9,600,000",0,0,0,9/30/2020,"22,652,217",0,"22,652,217",32.92,2.36
,,,,"Kamehameha Schools - Financial Assets Division",,,"Insurance Partners, L.P.","11,875,141",0,"10,519,557","1,355,584","11,363,576","4,276,615",12/31/2008,0,0,0,4.05,1.32
,,,,"Kamehameha Schools - Financial Assets Division",,,"Intersouth Partners II, L.P.","1,500,000",0,"1,500,000",0,"998,349",0,12/31/2004,0,0,0,-8.93,0.67
,,,,"Kamehameha Schools - Financial Assets Division",,,"InterWest Partners X, LP","10,000,000",0,"9,014,000","986,000","3,970,490","4,002,533",9/30/2020,"12,815,256","-2,536,209","10,279,047",8.24,1.83
,,,,"Kamehameha Schools - Financial Assets Division",,,"Ironbridge Fund II, L.P.","7,222,635",0,"7,714,548","1,146,917","13,366,681",0,6/30/2020,0,"-2,541","-2,541",9.75,1.51
,,,,"Kamehameha Schools - Financial Assets Division",,,"J.P. Morgan Corsair II Capital Partners, L.P.","30,000,000","6,816,725","22,463,665","855,138","32,344,122","1,799,437",12/31/2016,0,0,0,10.43,1.46
,,,,"Kamehameha Schools - Financial Assets Division",,,"Kandeo Fund II LP","10,000,000","123,780","8,971,592","1,367,888","515,334",0,9/30/2020,"12,875,603",0,"12,875,603",7.96,1.30
,,,,"Kamehameha Schools - Financial Assets Division",,,"Knightsbridge Venture Capital VI, L.P. Series VC","6,000,000","520,000","5,480,000",0,"6,938,184",0,9/30/2020,"3,024,172","-450,000","2,574,172",6.28,1.74
,,,,"Kamehameha Schools - Financial Assets Division",,,"Konia, Inc.","10,000",0,"10,000",0,"123,668",0,8/31/2013,0,0,0,13.77,12.37
,,,,"Kamehameha Schools - Financial Assets Division",,,"Kuramo Africa Opportunity Fund II LP","20,000,000","779,852","17,911,038","1,445,823","140,949",0,9/30/2020,"14,975,902","1,498,935","16,474,837",-5.55,0.86
,,,,"Kamehameha Schools - Financial Assets Division",,,"Kuramo Africa Opportunity Fund LP","15,000,000","987,709","14,593,678","1,836,610","2,377,802",0,9/30/2020,"11,855,969","-43,677","11,812,292",-2.78,0.86
,,,,"Kamehameha Schools - Financial Assets Division",,,"Legacy Venture VII LLC","10,000,000","200,000","9,800,000",0,"2,393,245",0,9/30/2020,"19,786,309","-472,906","19,313,403",20.49,2.21
,,,,"Kamehameha Schools - Financial Assets Division",,,"Lembas II LP","14,203,641",0,"14,203,641",0,0,0,12/31/2019,"18,497,368",0,"18,497,368",8.83,1.30
,,,,"Kamehameha Schools - Financial Assets Division",,,"Lone Star Fund  VI, LP","40,010,716",0,"44,009,201",0,"64,231,055",0,9/30/2020,"7,895,777","-1,942,312","5,953,465",11.39,1.59
,,,,"Kamehameha Schools - Financial Assets Division",,,"Lone Star Fund VII, L.P.","20,000,000","1,232,710","19,626,050","167,110","33,702,486",0,9/30/2020,"127,568",0,"127,568",46.52,1.71
,,,,"Kamehameha Schools - Financial Assets Division",,,"Longfellow, Ltd.","2,683,510",0,"2,683,510",0,"1,147,738",0,12/31/2005,"1,478","-1,478",0,-11.80,0.43
,,,,"Kamehameha Schools - Financial Assets Division",,,"Longreach Capital Partners 1, L.P.","10,000,000","317,627","9,373,669","2,389,284","6,856,248",0,9/30/2020,"2,829,854",0,"2,829,854",-2.91,0.82
,,,,"Kamehameha Schools - Financial Assets Division",,,"Longreach Capital Partners 2-USD, LP","10,000,000","609,021","8,839,961","1,862,346","8,773,631",0,9/30/2020,"7,409,732","-144,724","7,265,008",10.84,1.50
,,,,"Kamehameha Schools - Financial Assets Division",,,"Longreach Capital Partners 3 LP","20,000,000","9,231,616","10,484,544","1,284,384","1,032,481",0,9/30/2020,"9,154,148",0,"9,154,148",-9.23,0.87
,,,,"Kamehameha Schools - Financial Assets Division",,,"Madison Dearborn Capital Partners V, L.P.","20,000,000","3,289,097","19,868,844","1,180,407","31,763,550","890,002",9/30/2020,"521,067","-72,962","448,105",7.46,1.57
,,,,"Kamehameha Schools - Financial Assets Division",,,"Madison Dearborn Capital Partners VI","20,000,000","4,673,398","20,439,013","2,241,917","37,212,764",0,9/30/2020,"11,058,251","-573,093","10,485,158",23.68,2.10
,,,,"Kamehameha Schools - Financial Assets Division",,,"Marlin Equity IV, L.P.","7,500,000","35,291","6,970,949","493,982","4,028,395",0,9/30/2020,"5,942,326","-187,051","5,755,275",7.57,1.31
,,,,"Kamehameha Schools - Financial Assets Division",,,"Marlin Equity V LP","15,000,000","7,408,421","6,988,855","690,729","1,149,308",0,9/30/2020,"8,549,262","396,440","8,945,702",17.61,1.31
,,,,"Kamehameha Schools - Financial Assets Division",,,"Marlin Heritage II LP","5,000,000","881,977","3,892,495","225,528",0,0,9/30/2020,"4,603,594","52,900","4,656,494",6.56,1.13
,,,,"Kamehameha Schools - Financial Assets Division",,,"Marlin Heritage LP","5,000,000","929,715","5,064,412","183,919","7,874,630",0,9/30/2020,"4,173,313","30,443","4,203,756",34.04,2.30
,,,,"Kamehameha Schools - Financial Assets Division",,,"MatlinPatterson Global Opportunities Fund II","9,683,003",0,"9,709,181","102,005","2,715,084",0,9/30/2020,"191,206",0,"191,206",-20.68,0.30
,,,,"Kamehameha Schools - Financial Assets Division",,,"MatlinPatterson Global Opportunities Partners","6,474,896",0,"6,474,896","60,513","13,968,280",0,12/31/2016,0,0,0,15.92,2.14
,,,,"Kamehameha Schools - Financial Assets Division",,,"Maveron Equity Partners V LP","12,000,000",0,"12,000,000",0,"3,109,508",0,9/30/2020,"24,403,867",0,"24,403,867",19.19,2.29
,,,,"Kamehameha Schools - Financial Assets Division",,,"Maveron Equity Partners VI LP","10,000,000","1,400,000","8,600,000",0,"13,440",0,9/30/2020,"10,831,622",0,"10,831,622",10.60,1.26
,,,,"Kamehameha Schools - Financial Assets Division",,,"Maveron Equity Partners VII LP","10,000,000","7,100,000","2,900,000",0,0,0,9/30/2020,"1,756,858","900,000","2,656,858",-11.23,0.92
,,,,"Kamehameha Schools - Financial Assets Division",,,"McCown De Leeuw & Co. II","9,999,994",0,"9,904,652","95,342","9,665,994","1,058,089",12/31/2004,"111,548","-111,548",0,1.86,1.07
,,,,"Kamehameha Schools - Financial Assets Division",,,"Merrill Lynch Global Emerging Markets, L.P.","49,434,424",0,"44,698,869","4,654,548","63,762,034",0,5/31/2016,0,0,0,5.77,1.29
,,,,"Kamehameha Schools - Financial Assets Division",,,"MHR Institutional Partners III, L.P.","15,000,000","5,217,940","14,869,366","775,747","15,978,531",0,12/31/2020,"5,580,021",0,"5,580,021",5.74,1.38
,,,,"Kamehameha Schools - Financial Assets Division",,,"MHR Institutional Partners IV LP","20,000,000","7,253,037","13,551,000","1,949,000","2,794,697",0,11/30/2020,"16,113,936",0,"16,113,936",7.78,1.22
,,,,"Kamehameha Schools - Financial Assets Division",,,"MST Partners, L.P.","5,000,000",0,"5,000,000",0,"19,163,998",0,12/31/2006,0,0,0,25.66,3.83
,,,,"Kamehameha Schools - Financial Assets Division",,,"New Leaf Ventures II, L.P.","9,000,000",0,"9,000,000",0,"13,712,495","1,234,344",9/30/2020,"1,832,844","-228,520","1,604,324",15.25,1.84
,,,,"Kamehameha Schools - Financial Assets Division",,,"North Haven Private Equity Asia III LP","10,000,000","219,946","10,327,823","2,515,221","18,341,567",0,9/30/2020,"17,906,224","-5,859,396","12,046,828",11.72,2.37
,,,,"Kamehameha Schools - Financial Assets Division",,,"North Haven Private Equity Asia IV, LP","20,245,915","2,060,866","22,967,009","3,750,098","13,182,600",0,9/30/2020,"20,735,457",0,"20,735,457",7.17,1.27
,,,,"Kamehameha Schools - Financial Assets Division",,,"North Haven Private Equity Asia, L.P.","10,000,000","47,545","9,374,236","1,743,941","27,084,758",0,9/30/2020,"618,877","-521,420","97,457",33.25,2.44
,,,,"Kamehameha Schools - Financial Assets Division",,,"Northern Light Venture Capital VI, L.P.","20,000,000","20,000,000",0,0,0,0,,N/A,0,0,N/A,N/A
,,,,"Kamehameha Schools - Financial Assets Division",,,"Northern Light Venture Fund V LP","23,000,000","4,025,000","18,919,800","55,200",0,0,9/30/2020,"18,510,160","2,817,500","21,327,660",6.66,1.12
,,,,"Kamehameha Schools - Financial Assets Division",,,"Oaktree Opportunities Fund X-B LP","30,000,000","12,000,000","18,000,000",0,0,0,9/30/2020,"17,518,840","1,500,000","19,018,840",5.18,1.06
,,,,"Kamehameha Schools - Financial Assets Division",,,"OCM Opportunities Fund IX, LP","15,000,000",0,"15,000,000",0,"7,602,625",0,9/30/2020,"9,522,861",0,"9,522,861",2.46,1.14
,,,,"Kamehameha Schools - Financial Assets Division",,,"OCM Opportunities Fund V, L.P.","5,000,000",0,"5,000,000",0,"8,238,909",0,12/31/2020,"3,246",0,"3,246",14.08,1.65
,,,,"Kamehameha Schools - Financial Assets Division",,,"OCM Opportunities Fund VI, L.P.","5,000,000",0,"5,000,000",0,"7,896,376",0,9/30/2020,60,0,60,8.75,1.58
,,,,"Kamehameha Schools - Financial Assets Division",,,"OCM Opportunities Fund VII, L.P.","5,000,000",0,"5,000,000",0,"6,850,863",0,9/30/2020,"36,266",0,"36,266",7.31,1.38
,,,,"Kamehameha Schools - Financial Assets Division",,,"OCM Opportunities Fund VIIb, L.P.","14,250,000","750,000","13,500,000",0,"23,348,511",0,9/30/2020,"28,716",0,"28,716",16.52,1.73
,,,,"Kamehameha Schools - Financial Assets Division",,,"OCM Opportunities Fund VIII, L.P.","2,500,000",0,"2,937,500",0,"4,016,147",0,9/30/2020,"57,209",0,"57,209",8.88,1.39
,,,,"Kamehameha Schools - Financial Assets Division",,,"OCM Opportunities Fund VIIIb, LP","7,500,000",0,"7,500,000",0,"7,789,370",0,9/30/2020,"1,936,757",0,"1,936,757",5.07,1.30
,,,,"Kamehameha Schools - Financial Assets Division",,,"OCM Principal Opportunities Fund III, L.P.","5,000,000",0,"5,000,000",0,"7,509,096",0,3/31/2019,0,0,0,9.49,1.50
,,,,"Kamehameha Schools - Financial Assets Division",,,"OCM Principal Opportunities Fund IV, L.P.","10,000,000","1,000,475","10,000,000",0,"16,829,136",0,9/30/2020,"109,349",0,"109,349",8.80,1.69
,,,,"Kamehameha Schools - Financial Assets Division",,,"Orion Capital Partners","14,057,263",0,"14,057,263","3,026,614","13,308,326",0,6/30/2009,0,0,0,-9.18,0.78
,,,,"Kamehameha Schools - Financial Assets Division",,,"Pamlico Capital Fund IV LP","18,000,000","413,314","16,083,599","1,503,087","757,636",0,9/30/2020,"16,589,127","1,440,209","18,029,336",4.04,1.07
,,,,"Kamehameha Schools - Financial Assets Division",,,"Pamlico Capital III, L.P.","16,788,500","1,173,978","18,522,681","1,516,599","34,757,297",0,9/30/2020,"11,661,303","-3,484,877","8,176,426",25.23,2.14
,,,,"Kamehameha Schools - Financial Assets Division",,,"Pamlico Capital V LP","25,000,000","25,000,000",0,0,0,0,,N/A,0,0,N/A,N/A
,,,,"Kamehameha Schools - Financial Assets Division",,,"Paul Capital Partners IX, L.P.","20,000,000","4,971,107","16,937,892","1,722,956","17,573,905",0,9/30/2020,"4,042,638",0,"4,042,638",3.61,1.16
,,,,"Kamehameha Schools - Financial Assets Division",,,"Paul Capital Partners VIII-A, L.P.","15,000,000","275,177","13,481,165","1,243,658","19,758,863",0,9/30/2020,"970,147",0,"970,147",8.35,1.41
,,,,"Kamehameha Schools - Financial Assets Division",,,"Pear Ventures I LP","5,000,000","125,000","4,875,000",0,"815,688","1,207,985",9/30/2020,"17,248,132",0,"17,248,132",30.78,3.95
,,,,"Kamehameha Schools - Financial Assets Division",,,"Pear Ventures II LP","7,500,000","2,118,750","5,226,031","155,219",0,0,9/30/2020,"6,563,426","345,000","6,908,426",9.74,1.28
,,,,"Kamehameha Schools - Financial Assets Division",,,"Pear Ventures III LP","10,000,000","8,375,000","1,215,500","409,500",0,0,9/30/2020,"614,769","588,000","1,202,769",-44.59,0.74
,,,,"Kamehameha Schools - Financial Assets Division",,,"Polaris Partners IX LP","10,000,000","7,000,000","2,713,000","287,000",0,0,9/30/2020,"1,637,856","1,092,000","2,729,856",-13.18,0.91
,,,,"Kamehameha Schools - Financial Assets Division",,,"Polaris Partners VII LP","20,000,000","1,500,000","18,500,000",0,"2,504,810",0,9/30/2020,"26,013,361",0,"26,013,361",10.84,1.54
,,,,"Kamehameha Schools - Financial Assets Division",,,"Polaris Partners VIII LP","20,000,000","3,800,000","15,944,000","256,000","2,137,460",0,9/30/2020,"16,803,291","1,274,000","18,077,291",10.74,1.25
,,,,"Kamehameha Schools - Financial Assets Division",,,"Polaris Venture Partners V, L.P.","5,000,000","100,000","4,900,000",0,"5,473,604","677,409",9/30/2020,"2,629,387","-40,489","2,588,898",8.30,1.78
,,,,"Kamehameha Schools - Financial Assets Division",,,"Polaris Venture Partners VI, L.P.","6,000,000","750,000","5,250,000",0,"4,294,284","358,496",9/30/2020,"6,920,549",0,"6,920,549",15.59,2.20
,,,,"Kamehameha Schools - Financial Assets Division",,,"Prime Enterprises II, L.P.","5,296,580","15,034","3,954,821","1,370,545","2,081,907",0,12/31/2012,0,0,0,-9.99,0.39
,,,,"Kamehameha Schools - Financial Assets Division",,,"Quadrangle Capital Partners II, L.P.","8,717,107","109,278","8,678,165","1,416,181","13,016,724","407,284",9/30/2020,"744,963",0,"744,963",6.74,1.40
,,,,"Kamehameha Schools - Financial Assets Division",,,"Revolution Growth III LP","25,000,000","1,285,488","23,445,336","3,206,712","9,340,976",0,9/30/2020,"44,176,958","-2,978,942","41,198,016",22.19,1.90
,,,,"Kamehameha Schools - Financial Assets Division",,,"Saama Capital IV","10,000,000","5,130,000","4,076,239","793,761",0,0,9/30/2020,"4,234,291",0,"4,234,291",-9.02,0.87
,,,,"Kamehameha Schools - Financial Assets Division",,,"SAIF Partners III, L.P.","15,000,000","80,172","18,213,288","-1,753,029","15,257,687",0,9/30/2020,"28,626,803","-57,722","28,569,081",10.30,2.66
,,,,"Kamehameha Schools - Financial Assets Division",,,"SAIF Partners IV, L.P.","10,000,000",1,"11,501,918","362,213","4,616,180",0,9/30/2020,"14,571,171",0,"14,571,171",7.40,1.62
,,,,"Kamehameha Schools - Financial Assets Division",,,"Sanderling Venture Partners VI Co-Investment, L.P.","5,000,000",0,"5,000,000",0,"1,728,932","1,192,073",9/30/2020,"1,979,421",0,"1,979,421",-0.23,0.98
,,,,"Kamehameha Schools - Financial Assets Division",,,"Sanderling Venture Partners VI, L.P.","5,000,000",0,"5,000,000",0,"2,338,263","133,726",9/30/2020,"4,336,480",0,"4,336,480",3.20,1.36
,,,,"Kamehameha Schools - Financial Assets Division",,,"Sanderling Ventures VII, LP","10,000,000","2,300,000","6,706,713","993,287","899,431",0,9/30/2020,"8,041,685",0,"8,041,685",3.64,1.16
,,,,"Kamehameha Schools - Financial Assets Division",,,"Sankaty Credit Opportunities III, LLC","20,000,000",0,"20,000,000",0,"23,068,832",0,6/30/2020,"14,606","-75,011","-60,405",2.09,1.15
,,,,"Kamehameha Schools - Financial Assets Division",,,"Sankaty Credit Opportunities IV, L.P.","20,000,000","1,000,000","19,000,000",0,"27,244,065",0,9/30/2020,"430,201",0,"430,201",12.03,1.46
,,,,"Kamehameha Schools - Financial Assets Division",,,"SB Asia Investment Fund II, L.P.","15,000,000",0,"17,337,359","-1,067,988","43,772,385","1,044,361",10/31/2020,"5,131,159","-457,582","4,673,577",16.94,3.04
,,,,"Kamehameha Schools - Financial Assets Division",,,"Sentinel Capital Partners V LP","15,250,000","3,076,050","14,085,264","78,667","14,591,337",0,9/30/2020,"11,804,662","-2,787,112","9,017,550",18.29,1.67
,,,,"Kamehameha Schools - Financial Assets Division",,,"Sentinel Capital Partners VI LP","22,000,000","16,430,508","5,359,712","209,780","36,573",0,9/30/2020,"6,720,782",0,"6,720,782",19.34,1.21
,,,,"Kamehameha Schools - Financial Assets Division",,,"Sequoia Capital China Growth 2010, LP","6,669,120","366,801","6,302,319",0,"4,628,622","5,257,188",9/30/2020,"11,643,828",0,"11,643,828",22.82,3.42
,,,,"Kamehameha Schools - Financial Assets Division",,,"Sequoia Capital China Growth Fund III LP","5,278,977","52,789","5,226,188",0,"2,311,262","840,414",9/30/2020,"28,627,450","-62,120","28,565,330",38.05,6.07
,,,,"Kamehameha Schools - Financial Assets Division",,,"Sequoia Capital China Growth Fund IV LP","12,278,522",0,"12,278,522",0,"315,423","1,048,340",9/30/2020,"40,682,818","-345,748","40,337,070",42.03,3.40
,,,,"Kamehameha Schools - Financial Assets Division",,,"Sequoia Capital China Growth Fund V LP","18,417,060","460,426","17,956,634",0,0,0,9/30/2020,"19,497,826","644,598","20,142,424",7.35,1.12
,,,,"Kamehameha Schools - Financial Assets Division",,,"Sequoia Capital China Growth Fund VI LP","14,000,000","10,290,000","3,710,000",0,0,0,9/30/2020,"1,821,222","2,100,000","3,921,222",9.04,1.06
,,,,"Kamehameha Schools - Financial Assets Division",,,"Sequoia Capital China Seed Fund I LP","2,000,000","240,000","1,760,000",0,0,0,9/30/2020,"1,540,510","200,000","1,740,510",-0.93,0.99
,,,,"Kamehameha Schools - Financial Assets Division",,,"Sequoia Capital China Seed Fund II","2,000,000","1,700,000","300,000",0,0,0,9/30/2020,"92,013","200,000","292,013",-4.90,0.97
,,,,"Kamehameha Schools - Financial Assets Division",,,"Sequoia Capital China Venture 2010","3,329,040","33,294","3,295,746",0,"1,975,701","7,590,829",9/30/2020,"10,153,275",0,"10,153,275",34.56,5.98
,,,,"Kamehameha Schools - Financial Assets Division",,,"Sequoia Capital China Venture Fund IV, L.P.","4,000,000",0,"4,000,000",0,"2,166,652","1,582,952",9/30/2020,"7,895,296","-954,375","6,940,921",17.27,2.67
,,,,"Kamehameha Schools - Financial Assets Division",,,"Sequoia Capital China Venture Fund V LP","6,111,111",0,"6,111,111",0,"40,647","1,603,939",9/30/2020,"10,524,551","-1,093,268","9,431,283",11.41,1.81
,,,,"Kamehameha Schools - Financial Assets Division",,,"Sequoia Capital China Venture Fund VI LP","7,000,000","175,000","6,825,000",0,"474,302","264,429",9/30/2020,"8,661,544","-248,539","8,413,005",10.07,1.34
,,,,"Kamehameha Schools - Financial Assets Division",,,"Sequoia Capital China Venture Fund VII LP","8,273,885","703,280","7,570,605",0,0,0,9/30/2020,"7,220,298","248,217","7,468,515",-0.82,0.99
,,,,"Kamehameha Schools - Financial Assets Division",,,"Sequoia Capital China Venture Fund VIII LP","8,000,000","6,480,000","1,520,000",0,0,0,9/30/2020,"675,462","800,000","1,475,462",-4.71,0.97
,,,,"Kamehameha Schools - Financial Assets Division",,,"Sequoia Capital Global Growth Fund II LP","25,980,255",0,"25,980,255",0,"58,720","11,212,322",9/30/2020,"72,823,246","-3,071,423","69,751,823",43.24,3.12
,,,,"Kamehameha Schools - Financial Assets Division",,,"Sequoia Capital Global Growth Fund III China Annex Fund LP","3,248,173","2,582,297","665,876",0,0,0,9/30/2020,"876,716",0,"876,716",33.09,1.32
,,,,"Kamehameha Schools - Financial Assets Division",,,"Sequoia Capital Global Growth Fund III US/India Annex Fund LP","3,248,173","2,614,779","633,394",0,0,0,,N/A,"633,394","633,394",0.00,1.00
,,,,"Kamehameha Schools - Financial Assets Division",,,"Sequoia Capital India Fund IV LP","4,993,932","98,463","4,895,469",0,"2,712,284",0,9/30/2020,"8,778,486","-170,577","8,607,909",18.69,2.31
,,,,"Kamehameha Schools - Financial Assets Division",,,"Sequoia Capital India Growth Fund II, L.P.","3,000,000",0,"3,000,000",0,"891,231",0,9/30/2020,"3,894,451",0,"3,894,451",5.62,1.60
,,,,"Kamehameha Schools - Financial Assets Division",,,"Sequoia Capital India Growth Fund III Ltd","2,000,000","1,610,000","390,000",0,0,0,9/30/2020,"313,254","100,000","413,254",8.05,1.06
,,,,"Kamehameha Schools - Financial Assets Division",,,"Sequoia Capital India Seed Fund I LP","1,684,700","640,186","1,044,514",0,0,0,9/30/2020,"768,911","219,011","987,922",-6.11,0.95
,,,,"Kamehameha Schools - Financial Assets Division",,,"Sequoia Capital India V Ltd","10,000,000","175,000","9,825,000",0,"588,590",0,9/30/2020,"13,965,403",0,"13,965,403",12.82,1.48
,,,,"Kamehameha Schools - Financial Assets Division",,,"SEQUOIA CAPITAL INDIA VI LTD","7,684,700","1,786,694","5,898,006",0,0,0,9/30/2020,"6,742,145","192,117","6,934,262",11.33,1.18
,,,,"Kamehameha Schools - Financial Assets Division",,,"Sequoia Capital India VII Ltd","3,000,000","2,550,000","450,000",0,0,0,9/30/2020,"186,796","240,000","426,796",-8.26,0.95
,,,,"Kamehameha Schools - Financial Assets Division",,,"Sequoia Capital Israel Venture Fund V, L.P.","4,000,000","180,000","3,820,000",0,"4,866,851","1,239,220",9/30/2020,"6,100,092","-1,239,220","4,860,872",30.28,2.87
,,,,"Kamehameha Schools - Financial Assets Division",,,"Sequoia Capital U.S. Growth Fund IX LP","9,100,000","7,735,000","1,365,000",0,0,0,,N/A,"1,365,000","1,365,000",0.00,1.00
,,,,"Kamehameha Schools - Financial Assets Division",,,"Sequoia Capital U.S. Growth Fund V","4,000,000",0,"4,000,000",0,"4,292,468","3,794,140",9/30/2020,"3,452,152","-21,881","3,430,271",25.60,2.88
,,,,"Kamehameha Schools - Financial Assets Division",,,"Sequoia Capital U.S. Growth Fund VII LP","7,000,000","350,000","6,650,000",0,"985,546","13,823,858",9/30/2020,"18,000,575","-3,575,458","14,425,117",62.41,4.40
,,,,"Kamehameha Schools - Financial Assets Division",,,"Sequoia Capital U.S. Growth Fund VIII LP","9,103,155","1,565,742","7,537,413",0,"457,051",0,9/30/2020,"7,599,570","500,674","8,100,244",8.87,1.14
,,,,"Kamehameha Schools - Financial Assets Division",,,"Sequoia Capital U.S. Venture 2010","4,788,818","95,692","4,693,126",0,"8,140,206","22,746,647",9/30/2020,"22,916,101",0,"22,916,101",59.34,11.46
,,,,"Kamehameha Schools - Financial Assets Division",,,"Sequoia Capital U.S. Venture Fund XIV, L.P.","5,540,176","288,089","5,252,087",0,"989,070","4,486,675",9/30/2020,"19,865,404",0,"19,865,404",29.53,4.82
,,,,"Kamehameha Schools - Financial Assets Division",,,"Sequoia Capital U.S. Venture Fund XV LP","6,000,000","330,000","5,670,000",0,0,0,9/30/2020,"7,287,577","30,000","7,317,577",7.55,1.29
,,,,"Kamehameha Schools - Financial Assets Division",,,"Sequoia Capital U.S. Venture Fund XVI LP","6,000,000","1,860,000","4,140,000",0,0,0,9/30/2020,"3,505,792","510,000","4,015,792",-2.60,0.97
,,,,"Kamehameha Schools - Financial Assets Division",,,"Sequoia Capital U.S. Venture Fund XVII LP","6,000,000","5,370,000","630,000",0,0,0,,N/A,"630,000","630,000",0.00,1.00
,,,,"Kamehameha Schools - Financial Assets Division",,,"Sequoia Capital US Growth Fund VI LP","6,000,000","90,000","5,910,000",0,"884,129","2,300,094",9/30/2020,"11,100,644",0,"11,100,644",19.13,2.42
,,,,"Kamehameha Schools - Financial Assets Division",,,"Sequoia Capital US Scout Seed Fund 2013 LP","187,600","51,590","136,010",0,0,0,9/30/2020,"150,957",0,"150,957",2.22,1.11
,,,,"Kamehameha Schools - Financial Assets Division",,,"Sequoia Capital US Scout Seed Fund III LP","2,490,000","747,000","1,743,000",0,0,0,9/30/2020,"1,685,610",0,"1,685,610",-2.22,0.97
,,,,"Kamehameha Schools - Financial Assets Division",,,"Sequoia Capital US Venture 2010 - Seed Fund","213,022","11,716","201,306",0,"838,791","1,180,635",9/30/2020,"2,346,808","-542,996","1,803,812",60.74,18.99
,,,,"Kamehameha Schools - Financial Assets Division",,,"Sequoia Global Growth Fund III – Endurance Partners LP","19,503,654","6,925,392","12,578,262",0,"-78,190",0,9/30/2020,"20,613,077","1,716,321","22,329,398",59.07,1.77
,,,,"Kamehameha Schools - Financial Assets Division",,,"Shamrock Capital Content Fund I, L.P","15,000,000","6,913,162","10,442,878","1,960,815","4,315,222",0,9/30/2020,"10,212,810","154,834","10,367,644",10.53,1.18
,,,,"Kamehameha Schools - Financial Assets Division",,,"Shamrock Capital Growth Fund II, L.P.","10,000,000","792,631","8,597,447","1,637,229","15,041,922",0,9/30/2020,"49,072",0,"49,072",9.73,1.47
,,,,"Kamehameha Schools - Financial Assets Division",,,"Shamrock Capital Growth Fund III, L.P.","15,000,000","1,034,729","13,380,083","2,103,938","39,003,001",0,9/30/2020,"15,216,985","-8,528,897","6,688,088",98.59,2.95
,,,,"Kamehameha Schools - Financial Assets Division",,,"Shamrock Capital Growth Fund IV LP","25,000,000","7,455,200","14,575,105","2,969,695","302,944",0,9/30/2020,"13,774,691","2,312,959","16,087,650",-3.38,0.93
,,,,"Kamehameha Schools - Financial Assets Division",,,"Shoreline China Value III LP","20,000,000","845,382","24,111,931","1,791,189","22,277,003",0,9/30/2020,"8,666,474","-1,441,887","7,224,587",5.11,1.14
,,,,"Kamehameha Schools - Financial Assets Division",,,"Shoreline III Co-Investment LP","20,000,000","1,290,727","32,129,849","121,136","33,017,685",0,9/30/2020,"3,772,867","-380,819","3,392,048",8.85,1.13
,,,,"Kamehameha Schools - Financial Assets Division",,,"Silver Lake Partners II, L.P.","15,000,000","1,765,793","12,916,297","805,973","25,946,725",0,9/30/2020,"11,316",0,"11,316",11.02,1.89
,,,,"Kamehameha Schools - Financial Assets Division",,,"Silver Lake Partners III, L.P.","15,000,000","1,410,637","15,460,986","1,088,789","30,709,928",0,9/30/2020,"3,514,349","-97,343","3,417,006",18.44,2.06
,,,,"Kamehameha Schools - Financial Assets Division",,,"Silver Lake Partners IV LP","17,500,000","729,405","20,211,965","1,495,907","18,971,254",0,9/30/2020,"27,421,543","-1,877,228","25,544,315",24.84,2.05
,,,,"Kamehameha Schools - Financial Assets Division",,,"Silver Lake Partners V LP","27,000,000","4,299,850","25,859,929","444,995","4,196,637",0,9/30/2020,"32,134,352","1,725,379","33,859,731",30.43,1.45
,,,,"Kamehameha Schools - Financial Assets Division",,,"Sino Finance Group, LLC","5,381,916",0,"5,381,916",0,"11,442,503",0,6/30/2020,"54,444,423",0,"54,444,423",10.13,12.24
,,,,"Kamehameha Schools - Financial Assets Division",,,"Startup Capital Ventures Fund II","5,000,000","1,000,000","3,726,572","273,428","1,059,815",0,9/30/2020,"2,485,642","97,440","2,583,082",-3.04,0.91
,,,,"Kamehameha Schools - Financial Assets Division",,,"Startup Capital Ventures, L.P.","3,000,000",0,"3,000,000",0,"3,575,089",0,6/30/2018,"1,994,716","-994,816","999,900",5.30,1.52
,,,,"Kamehameha Schools - Financial Assets Division",,,"Summit Partners Private Equity Fund VII-B, L.P.","5,000,000",0,"5,000,000","119,894","8,252,387","95,255",9/30/2020,"1,200,903","-223,527","977,376",10.01,1.82
,,,,"Kamehameha Schools - Financial Assets Division",,,"SVB Strategic Investors Fund II, L.P.","30,000,000","2,100,000","27,743,498","104,913","53,587,330",0,9/30/2020,"5,503,671","-722,882","4,780,789",11.31,2.10
,,,,"Kamehameha Schools - Financial Assets Division",,,"SVB Strategic Investors Fund III, L.P.","25,000,000","2,125,000","22,550,000","228,648","34,833,071",0,9/30/2020,"15,388,381","-1,550,034","13,838,347",10.94,2.14
,,,,"Kamehameha Schools - Financial Assets Division",,,"TA Subordinated Debt Fund II, L.P.","2,000,000","260,000","1,740,000",0,"2,431,012",0,9/30/2020,"10,195",0,"10,195",8.78,1.40
,,,,"Kamehameha Schools - Financial Assets Division",,,"TA X, L.P.","6,000,000","210,000","5,790,000",0,"7,628,357",0,9/30/2020,"2,392","-2,357",35,5.18,1.32
,,,,"Kamehameha Schools - Financial Assets Division",,,"TA XI, L.P.","10,000,000","150,000","9,850,000","119,147","23,086,511","135,575",9/30/2020,"10,796,845","-1,951,410","8,845,435",25.83,3.22
,,,,"Kamehameha Schools - Financial Assets Division",,,"TA XII LP","6,000,000","60,000","5,845,500","94,500","4,606,862",0,9/30/2020,"8,180,911","-716,488","7,464,423",33.57,2.03
,,,,"Kamehameha Schools - Financial Assets Division",,,"TA XIII LP","17,000,000","7,650,000","9,350,000",0,0,0,9/30/2020,"7,138,742","2,550,000","9,688,742",7.01,1.04
,,,,"Kamehameha Schools - Financial Assets Division",,,"TCV IX LP","20,000,000","4,124,000","15,211,670","664,330","6,336,132","1,099,053",9/30/2020,"30,019,798","-6,336,132","23,683,666",30.46,1.96
,,,,"Kamehameha Schools - Financial Assets Division",,,"TCV VIII LP","20,000,000","2,564,997","16,315,828","1,119,175","681,731","1,936,512",9/30/2020,"35,505,386",0,"35,505,386",16.74,2.19
,,,,"Kamehameha Schools - Financial Assets Division",,,"TCV X LP","20,000,000","7,314,000","12,033,933","652,067",0,0,9/30/2020,"14,742,326","1,273,871","16,016,197",24.78,1.26
,,,,"Kamehameha Schools - Financial Assets Division",,,"Technology Crossover Ventures VI, L.P.","10,000,000","47,000","9,953,000","-50,000","10,513,052","4,827,862",9/30/2020,"166,020",0,"166,020",12.43,1.57
,,,,"Kamehameha Schools - Financial Assets Division",,,"Technology Crossover Ventures VII, L.P.","15,000,000","240,000","14,827,500","7,163","22,652,604","16,842,819",9/30/2020,"6,101,892","-96,456","6,005,436",23.22,3.07
,,,,"Kamehameha Schools - Financial Assets Division",,,"Technology Partners Fund VIII, L.P. (HTI)","5,000,000",0,"4,420,139","579,861","3,279,340","1,194,227",9/30/2020,"210,769",0,"210,769",-1.90,0.94
,,,,"Kamehameha Schools - Financial Assets Division",,,"Technology Partners Fund VIII, L.P. (VC)","5,000,000",0,"4,420,139","579,861","3,279,340","1,194,227",9/30/2020,"210,769",0,"210,769",-1.90,0.94
,,,,"Kamehameha Schools - Financial Assets Division",,,"Telegraph Hill Partners III, L.P.","15,000,000","613,500","12,742,140","1,647,356","1,566,050",0,9/30/2020,"19,323,970","27,563","19,351,533",10.06,1.45
,,,,"Kamehameha Schools - Financial Assets Division",,,"Terra Firma Capital Partners III, L.P.","12,149,000","48,321","12,069,802","1,652,288","6,132,442",0,9/30/2020,"650,619","-589,196","61,423",-9.16,0.45
,,,,"Kamehameha Schools - Financial Assets Division",,,"Thayer Equity Investors III, L.P.","19,718,293",0,"18,463,282","2,579,472","28,182,603",0,4/14/2006,0,0,0,9.78,1.34
,,,,"Kamehameha Schools - Financial Assets Division",,,"Thayer Equity Investors IV, L.P.","30,000,000","346,268","27,528,541","3,272,337","22,116,295",0,6/30/2015,0,0,0,-4.54,0.72
,,,,"Kamehameha Schools - Financial Assets Division",,,"The Founders Fund VII LP","17,500,000","12,600,000","4,900,000",0,0,0,9/30/2020,"2,781,263","2,275,000","5,056,263",6.34,1.03
,,,,"Kamehameha Schools - Financial Assets Division",,,"Thoma Bravo Discover Fund III LP","10,000,000","10,000,000",0,0,0,0,,N/A,0,0,N/A,N/A
,,,,"Kamehameha Schools - Financial Assets Division",,,"Thoma Bravo Fund XIV LP","15,000,000","15,000,000",0,0,0,0,,N/A,0,0,N/A,N/A
,,,,"Kamehameha Schools - Financial Assets Division",,,"Thompson Street Capital Partners IV LP","20,000,000","-523,422","19,566,450","1,795,892","10,069,677",0,9/30/2020,"25,413,212","-2,584,537","22,828,675",17.28,1.54
,,,,"Kamehameha Schools - Financial Assets Division",,,"Thrive Capital Partners IV LP","625,000","6,091","569,606","49,303",0,"143,862",9/30/2020,"2,373,089",0,"2,373,089",31.59,4.07
,,,,"Kamehameha Schools - Financial Assets Division",,,"Thrive Capital Partners IV Supplemental LP","375,000","5,114","353,320","16,566",0,"415,653",9/30/2020,"1,069,710",0,"1,069,710",41.07,4.02
,,,,"Kamehameha Schools - Financial Assets Division",,,"Thrive Capital Partners V LP","10,000,000","755,667","8,492,239","752,094",0,"4,274,977",9/30/2020,"15,243,647","756,682","16,000,329",39.00,2.19
,,,,"Kamehameha Schools - Financial Assets Division",,,"Thrive Capital Partners VI Growth LP","7,200,000","2,149,590","5,032,012","18,398",0,0,9/30/2020,"5,153,349","565,968","5,719,317",19.34,1.13
,,,,"Kamehameha Schools - Financial Assets Division",,,"Thrive Capital Partners VI LP","4,800,000","1,998,877","2,603,592","197,531",0,0,9/30/2020,"1,391,062","1,313,503","2,704,565",-6.55,0.97
,,,,"Kamehameha Schools - Financial Assets Division",,,"TI Platform Fund I LP","5,000,000","897,435","5,636,594","312,424","1,697,185",0,9/30/2020,"5,882,682","90,918","5,973,600",10.87,1.29
,,,,"Kamehameha Schools - Financial Assets Division",,,"TI Platform Fund II LP","5,000,000","2,717,863","2,298,682","178,268","71,009",0,9/30/2020,"1,591,354","522,720","2,114,074",-11.26,0.88
,,,,"Kamehameha Schools - Financial Assets Division",,,"Trident Partnership, L.P.","5,000,000","1,336,117","3,648,614","15,270","5,111,863",0,8/19/2010,0,0,0,20.70,1.40
,,,,"Kamehameha Schools - Financial Assets Division",,,"Trustbridge Partners V LP","15,000,000","368,912","15,732,405","1,963,498","3,106,276",0,9/30/2020,"34,582,322","-900,164","33,682,158",18.57,2.08
,,,,"Kamehameha Schools - Financial Assets Division",,,"Trustbridge Partners VI LP","30,000,000","234,226","32,498,273","1,984,133","4,784,313",0,9/30/2020,"41,985,097","-407,834","41,577,263",20.95,1.34
,,,,"Kamehameha Schools - Financial Assets Division",,,"UCP III Co-Investments (F), LP","3,718,961","381,152","4,168,444","374,969","5,490,439",0,8/20/2019,0,0,0,4.14,1.21
,,,,"Kamehameha Schools - Financial Assets Division",,,"Unison Capital Partners III (F), LP","9,202,681","244,201","10,215,436","2,170,184","13,613,185",0,8/20/2019,0,0,0,2.16,1.10
,,,,"Kamehameha Schools - Financial Assets Division",,,"Valar Fund V LP","15,000,000","1,350,000","13,650,000",0,0,0,9/30/2020,"23,383,662","750,000","24,133,662",53.55,1.77
,,,,"Kamehameha Schools - Financial Assets Division",,,"Valar Fund VI LP","5,000,000","1,850,000","3,150,000",0,0,0,9/30/2020,"1,420,730","1,650,000","3,070,730",-6.40,0.97
,,,,"Kamehameha Schools - Financial Assets Division",,,"Valar Global Fund II LP","7,500,000",0,"7,500,000",0,0,0,9/30/2020,"22,377,611",0,"22,377,611",25.10,2.98
,,,,"Kamehameha Schools - Financial Assets Division",,,"Valar Global Fund III LP","7,500,000",0,"7,500,000",0,0,0,9/30/2020,"22,500,000",0,"22,500,000",38.05,3.00
,,,,"Kamehameha Schools - Financial Assets Division",,,"Valar Global Fund IV LP","15,000,000","600,000","14,400,000",0,0,0,9/30/2020,"27,915,417","300,000","28,215,417",35.54,1.96
,,,,"Kamehameha Schools - Financial Assets Division",,,"Varde Fund IX, L.P.","25,000,000",0,"25,000,000",0,"54,432,050",0,11/30/2020,"85,763","-54,893","30,870",14.95,2.18
,,,,"Kamehameha Schools - Financial Assets Division",,,"Varde Fund X (C), L.P.","15,000,000",0,"15,000,000",0,"24,374,886",0,11/30/2020,"2,083,701","-42,923","2,040,778",10.39,1.76
,,,,"Kamehameha Schools - Financial Assets Division",,,"Venture First II, L.P.","1,000,000",0,"1,000,000",0,"301,731",0,3/31/2007,0,0,0,-12.24,0.30
,,,,"Kamehameha Schools - Financial Assets Division",,,"Versant Vantage I LP","15,000,000","3,394,314","11,086,276","519,409",0,"1,859,600",9/30/2020,"12,678,850","376,093","13,054,943",26.42,1.29
,,,,"Kamehameha Schools - Financial Assets Division",,,"Versant Venture Capital V LP","20,000,000","728,808","19,094,638","176,554","21,644,822","7,551,059",9/30/2020,"34,795,902","-5,129,191","29,666,711",35.60,3.05
,,,,"Kamehameha Schools - Financial Assets Division",,,"Versant Venture Capital VI LP","25,000,000","1,044,045","23,332,503","623,452","438,166","9,390,753",9/30/2020,"42,294,449","-4,106,915","38,187,534",35.03,2.00
,,,,"Kamehameha Schools - Financial Assets Division",,,"Versant Venture Capital VII LP","25,000,000","13,857,375","9,481,649","1,660,976",0,0,9/30/2020,"8,167,246","2,643,812","10,811,058",-3.02,0.97
,,,,"Kamehameha Schools - Financial Assets Division",,,"Versant Venture Capital VIII LP","12,000,000","12,000,000",0,0,0,0,,N/A,0,0,N/A,N/A
,,,,"Kamehameha Schools - Financial Assets Division",,,"Versant Voyageurs II LP","3,000,000","3,000,000",0,0,0,0,,N/A,0,0,N/A,N/A
,,,,"Kamehameha Schools - Financial Assets Division",,,"Vestar Capital Partners V, L.P.","15,000,000",0,"14,697,945","1,323,058","20,366,386",0,9/30/2020,"1,936,999","-1,325,269","611,730",3.95,1.31
,,,,"Kamehameha Schools - Financial Assets Division",,,"Water Street Corporate Recovery Fund, L.P.","20,000,000",0,"20,000,000","221,273","39,328,132",0,9/30/2005,0,0,0,26.67,1.94
,,,,"Kamehameha Schools - Financial Assets Division",,,"Westfed Holdings, Inc.","207,000",0,"207,000",0,"13,038,480",0,12/31/2007,0,0,0,219.85,62.99
,,,,"Kamehameha Schools - Financial Assets Division",,,"Y Combinator ES20 LLC","9,130,435","7,377,392","1,679,628","73,415",0,0,9/30/2020,"1,295,680","620,498","1,916,178",14.56,1.09
,,,,"Kamehameha Schools - Financial Assets Division",,,"YC II LP","90,909,091","11,261,395","74,856,804","4,790,892",0,0,9/30/2020,"98,137,001","1,144,478","99,281,479",14.58,1.25
,,,,"Kamehameha Schools - Financial Assets Division",,,"YCC20 LP","20,869,565","20,243,477","626,088",0,0,0,9/30/2020,"469,656","156,522","626,178",0.02,1.00
,,,,"Kamehameha Schools - Financial Assets Division",,,"Zero2IPO China Angel Fund III LP","5,000,000","1,493,754","3,091,812","585,628","171,194",0,9/30/2020,"4,013,485",0,"4,013,485",3.14,1.14
,,,,"Kamehameha Schools - Financial Assets Division",,,"Zero2IPO China Fund II, L.P.","5,000,000","519,304","4,270,740","209,956","4,340,158",0,9/30/2020,"1,298,674",0,"1,298,674",3.77,1.26
,,,,"Kamehameha Schools - Financial Assets Division",,,"ZMC II LP","30,000,000","6,259,739","31,266,357","2,572,368","11,134,936",0,9/30/2020,"40,564,277","-2,873,324","37,690,953",14.50,1.44
,,,,"Kamehameha Schools - Financial Assets Division",,,"ZMC III LP","35,000,000","28,361,165","5,810,555","828,280","10,959",0,9/30/2020,"5,796,735","-10,959","5,785,776",-15.90,0.87
,,,,"Kamehameha Schools - Financial Assets Division",All,All,Total,"3,820,079,194","769,078,484","3,152,678,737","166,397,517","2,551,324,839","236,887,895",,"2,851,663,206","-41,926,543","2,809,736,663",N/A,0.84
,,,,All,All,All,Total,"3,820,079,194","769,078,484","3,152,678,737","166,397,517","2,551,324,839","236,887,895",,"2,851,663,206","-41,926,543","2,809,736,663",N/A,0.84