Reporting Account Number,Reporting Account Name,Source Account Number,Source Account Name,Begin Date,Beta
KSBG25000000,Total Developed Mkt,KSBF10010002,Adage,2020-10-31,1.0071952112281684
KSBG25000000,Total Developed Mkt,KSBF10021002,Whitespruce Fund,2020-10-31,0.9023915567408638
KSBG25000000,Total Developed Mkt,KSBF10022002,Stockbridge Fund LP,2020-10-31,0.9818674791553585
KSBG25000000,Total Developed Mkt,KSBF10023002,Whale Rock,2020-10-31,1.033372008732413
KSBG25000000,Total Developed Mkt,KSBF15011102,Misc Equity,2020-10-31,1.0154801762522683
KSBG25000000,Total Developed Mkt,KSBF19010002,US Equity Beta,2020-10-31,Not have CRBM
KSBG25000000,Total Developed Mkt,KSBF20012002,Morgan Stanley Global,2020-10-31,0.9560175906254519
KSBG25000000,Total Developed Mkt,KSBF20017002,Cevian Capital II LTD,2020-10-31,Not have CRBM
KSBG25000000,Total Developed Mkt,KSBF20018002,Kamvus,2020-10-31,1.0590259413819787
KSBG25000000,Total Developed Mkt,KSBF20019002,Dynamo Fund LLC,2020-10-31,0.7724821184317334
KSBG25000000,Total Developed Mkt,KSBF20020002,AKO European,2020-10-31,0.8039427476588953
KSBG25000000,Total Developed Mkt,KSBF30027002,Blacksheep Fund,2020-10-31,0.9069726915402976
KSBG25000000,Total Developed Mkt,KSBF35010002,IVA LLC,2020-10-31,1.0154801762522683
KSBG25000000,Total Developed Mkt,KSBF35011002,Cantillon,2020-10-31,0.8763586761424554
KSBG25000000,Total Developed Mkt,KSBF35013002,Deccan,2020-10-31,1.0170276823996873
KSBG25000000,Total Developed Mkt,KSBF70010002,TCI Fund,2020-10-31,0.9737318623805059
KSBG25000000,Total Developed Mkt,KSBF70076002,Biotechnology Value Fund,2020-10-31,1.019240758759869
KSBG25000000,Total Developed Mkt,KSBF70093002,Oasis Japan,2020-10-31,0.6411404843084896
KSBG25000000,Total Developed Mkt,KSBG25000000,Total Developed Mkt,2020-10-31,Not have CRBM
KSBG25050000,Developed Markets-Mgr Only,KSBF10010002,Adage,2020-10-31,1.0071952112281684
KSBG25050000,Developed Markets-Mgr Only,KSBF10021002,Whitespruce Fund,2020-10-31,0.9023915567408638
KSBG25050000,Developed Markets-Mgr Only,KSBF10022002,Stockbridge Fund LP,2020-10-31,0.9818674791553585
KSBG25050000,Developed Markets-Mgr Only,KSBF10023002,Whale Rock,2020-10-31,1.033372008732413
KSBG25050000,Developed Markets-Mgr Only,KSBF15011102,Misc Equity,2020-10-31,1.0154801762522683
KSBG25050000,Developed Markets-Mgr Only,KSBF20012002,Morgan Stanley Global,2020-10-31,0.9560175906254519
KSBG25050000,Developed Markets-Mgr Only,KSBF20017002,Cevian Capital II LTD,2020-10-31,Not have CRBM
KSBG25050000,Developed Markets-Mgr Only,KSBF20018002,Kamvus,2020-10-31,1.0590259413819787
KSBG25050000,Developed Markets-Mgr Only,KSBF20019002,Dynamo Fund LLC,2020-10-31,0.7724821184317334
KSBG25050000,Developed Markets-Mgr Only,KSBF20020002,AKO European,2020-10-31,0.8039427476588953
KSBG25050000,Developed Markets-Mgr Only,KSBF30027002,Blacksheep Fund,2020-10-31,0.9069726915402976
KSBG25050000,Developed Markets-Mgr Only,KSBF35010002,IVA LLC,2020-10-31,1.0154801762522683
KSBG25050000,Developed Markets-Mgr Only,KSBF35011002,Cantillon,2020-10-31,0.8763586761424554
KSBG25050000,Developed Markets-Mgr Only,KSBF35013002,Deccan,2020-10-31,1.0170276823996873
KSBG25050000,Developed Markets-Mgr Only,KSBF70010002,TCI Fund,2020-10-31,0.9737318623805059
KSBG25050000,Developed Markets-Mgr Only,KSBF70076002,Biotechnology Value Fund,2020-10-31,1.019240758759869
KSBG25050000,Developed Markets-Mgr Only,KSBF70093002,Oasis Japan,2020-10-31,0.6411404843084896
KSBG25050000,Developed Markets-Mgr Only,KSBG25050000,Developed Markets-Mgr Only,2020-10-31,Not have CRBM
KSBG250NOT00,Total Developed Mkt Notional,KSBF10010002,Adage,2020-10-31,1.0071952112281684
KSBG250NOT00,Total Developed Mkt Notional,KSBF10021002,Whitespruce Fund,2020-10-31,0.9023915567408638
KSBG250NOT00,Total Developed Mkt Notional,KSBF10022002,Stockbridge Fund LP,2020-10-31,0.9818674791553585
KSBG250NOT00,Total Developed Mkt Notional,KSBF10023002,Whale Rock,2020-10-31,1.033372008732413
KSBG250NOT00,Total Developed Mkt Notional,KSBF15011102,Misc Equity,2020-10-31,1.0154801762522683
KSBG250NOT00,Total Developed Mkt Notional,KSBF19010002,US Equity Beta,2020-10-31,Not have CRBM
KSBG250NOT00,Total Developed Mkt Notional,KSBF1901N002,US Equity Beta Notional,2020-10-31,Not have CRBM
KSBG250NOT00,Total Developed Mkt Notional,KSBF20012002,Morgan Stanley Global,2020-10-31,0.9560175906254519
KSBG250NOT00,Total Developed Mkt Notional,KSBF20017002,Cevian Capital II LTD,2020-10-31,Not have CRBM
KSBG250NOT00,Total Developed Mkt Notional,KSBF20018002,Kamvus,2020-10-31,1.0590259413819787
KSBG250NOT00,Total Developed Mkt Notional,KSBF20019002,Dynamo Fund LLC,2020-10-31,0.7724821184317334
KSBG250NOT00,Total Developed Mkt Notional,KSBF20020002,AKO European,2020-10-31,0.8039427476588953
KSBG250NOT00,Total Developed Mkt Notional,KSBF30027002,Blacksheep Fund,2020-10-31,0.9069726915402976
KSBG250NOT00,Total Developed Mkt Notional,KSBF35010002,IVA LLC,2020-10-31,1.0154801762522683
KSBG250NOT00,Total Developed Mkt Notional,KSBF35011002,Cantillon,2020-10-31,0.8763586761424554
KSBG250NOT00,Total Developed Mkt Notional,KSBF35013002,Deccan,2020-10-31,1.0170276823996873
KSBG250NOT00,Total Developed Mkt Notional,KSBF70010002,TCI Fund,2020-10-31,0.9737318623805059
KSBG250NOT00,Total Developed Mkt Notional,KSBF70076002,Biotechnology Value Fund,2020-10-31,1.019240758759869
KSBG250NOT00,Total Developed Mkt Notional,KSBF70093002,Oasis Japan,2020-10-31,0.6411404843084896
KSBG250NOT00,Total Developed Mkt Notional,KSBG250NOT00,Total Developed Mkt Notional,2020-10-31,Not have CRBM
KSBG33000000,Total Emerging Markets,KSBF30014002,Stewart Investors,2020-10-31,Not have CRBM
KSBG33000000,Total Emerging Markets,KSBF30015002,Westwood Global,2020-10-31,Not have CRBM
KSBG33000000,Total Emerging Markets,KSBF30016002,Neon Liberty Lorikeet,2020-10-31,1.2678177380821776
KSBG33000000,Total Emerging Markets,KSBF30017002,Hillhouse Gaoling Fund,2020-10-31,0.5177699870617561
KSBG33000000,Total Emerging Markets,KSBF30017102,Hillhouse China VAL,2020-10-31,0.7724821184317341
KSBG33000000,Total Emerging Markets,KSBF30022002,Acadian Emerging Mkts Sm Cap,2020-10-31,Not have CRBM
KSBG33000000,Total Emerging Markets,KSBF30024002,"Westbridge Crossover Fund, LLC",2020-10-31,1.4066900625723218
KSBG33000000,Total Emerging Markets,KSBF30024102,Westbridge SPV SH,2020-10-31,1.4066900625723218
KSBG33000000,Total Emerging Markets,KSBF30024302,Westbridge Crsovr IV,2020-10-31,1.4066900625723218
KSBG33000000,Total Emerging Markets,KSBF30024402,Westbridge SPV-SH II,2020-10-31,1.4066900625723218
KSBG33000000,Total Emerging Markets,KSBF30025002,Amansa Feeder Ltd,2020-10-31,1.3049216886412172
KSBG33000000,Total Emerging Markets,KSBF30028002,Golden China Fund,2020-10-31,0.07541562945524337
KSBG33000000,Total Emerging Markets,KSBG33000000,Total Emerging Markets,2020-10-31,Not have CRBM
KSBG44000000,Total US Fixed Income,KSBF40011002,Payden US Treasury,2020-10-31,Not have CRBM
KSBG44000000,Total US Fixed Income,KSBG44000000,Total US Fixed Income,2020-10-31,Not have CRBM
KSBG44500000,Total Non-US Fixed Income,KSBF45010002,Brandywine,2020-10-31,Not have CRBM
KSBG44500000,Total Non-US Fixed Income,KSBF45011002,Colchester Global,2020-10-31,Not have CRBM
KSBG44500000,Total Non-US Fixed Income,KSBF47510102,Payden Rygel Sweep Income,2020-10-31,Not have CRBM
KSBG44500000,Total Non-US Fixed Income,KSBG44500000,Total Non-US Fixed Income,2020-10-31,Not have CRBM
KSBG44750000,Total Cash Equivalents,KSBF47500002,Endowment Cash,2020-10-31,Not have CRBM
KSBG44750000,Total Cash Equivalents,KSBG44750000,Total Cash Equivalents,2020-10-31,Not have CRBM
KSBG447NOT00,Total Cash Equiv Notional,KSBF47500002,Endowment Cash,2020-10-31,Not have CRBM
KSBG447NOT00,Total Cash Equiv Notional,KSBF47519002,US Equity Beta Syn Cash Offset,2020-10-31,Not have CRBM
KSBG447NOT00,Total Cash Equiv Notional,KSBG447NOT00,Total Cash Equiv Notional,2020-10-31,Not have CRBM
KSBG55000000,Total Vent Cap and Priv Equity,KSBF15011002,PE Stock Distributions,2020-10-31,Not have CRBM
KSBG55000000,Total Vent Cap and Priv Equity,KSBF50100002,Advantage Partners IV,2020-10-31,Not have CRBM
KSBG55000000,Total Vent Cap and Priv Equity,KSBF50102002,Bain Capital IX,2020-10-31,Not have CRBM
KSBG55000000,Total Vent Cap and Priv Equity,KSBF50102102,Bain Capital X,2020-10-31,Not have CRBM
KSBG55000000,Total Vent Cap and Priv Equity,KSBF50102202,Bain Capital XI,2020-10-31,Not have CRBM
KSBG55000000,Total Vent Cap and Priv Equity,KSBF50102302,Bain Capital XII,2020-10-31,Not have CRBM
KSBG55000000,Total Vent Cap and Priv Equity,KSBF50104002,Blackstone V,2020-10-31,Not have CRBM
KSBG55000000,Total Vent Cap and Priv Equity,KSBF50105102,Bridgepoint Eur IV,2020-10-31,Not have CRBM
KSBG55000000,Total Vent Cap and Priv Equity,KSBF50105202,"Bridgepoint Europe V, LP",2020-10-31,Not have CRBM
KSBG55000000,Total Vent Cap and Priv Equity,KSBF50107002,Charterhouse VIII,2020-10-31,Not have CRBM
KSBG55000000,Total Vent Cap and Priv Equity,KSBF50108002,CHS Private Equity V,2020-10-31,Not have CRBM
KSBG55000000,Total Vent Cap and Priv Equity,KSBF50110102,Corsair III,2020-10-31,Not have CRBM
KSBG55000000,Total Vent Cap and Priv Equity,KSBF50110202,Corsair IV,2020-10-31,Not have CRBM
KSBG55000000,Total Vent Cap and Priv Equity,KSBF50111002,Crimson Asia Capital,2020-10-31,Not have CRBM
KSBG55000000,Total Vent Cap and Priv Equity,KSBF50111102,Crimson Velocity,2020-10-31,Not have CRBM
KSBG55000000,Total Vent Cap and Priv Equity,KSBF50113102,CVC European IV,2020-10-31,Not have CRBM
KSBG55000000,Total Vent Cap and Priv Equity,KSBF50113202,CVC European V,2020-10-31,Not have CRBM
KSBG55000000,Total Vent Cap and Priv Equity,KSBF50113302,CVC VI,2020-10-31,Not have CRBM
KSBG55000000,Total Vent Cap and Priv Equity,KSBF50113402,CVC Capital Partners VII LP,2020-10-31,Not have CRBM
KSBG55000000,Total Vent Cap and Priv Equity,KSBF50114002,Doughty Hanson III,2020-10-31,Not have CRBM
KSBG55000000,Total Vent Cap and Priv Equity,KSBF50115002,Francisco Partners II,2020-10-31,Not have CRBM
KSBG55000000,Total Vent Cap and Priv Equity,KSBF50115102,Francisco Partners III,2020-10-31,Not have CRBM
KSBG55000000,Total Vent Cap and Priv Equity,KSBF50115202,Francisco Partners IV,2020-10-31,Not have CRBM
KSBG55000000,Total Vent Cap and Priv Equity,KSBF50115302,Francisco Partners Agility,2020-10-31,Not have CRBM
KSBG55000000,Total Vent Cap and Priv Equity,KSBF50115402,Francisco Partners V,2020-10-31,Not have CRBM
KSBG55000000,Total Vent Cap and Priv Equity,KSBF50115602,Francisco Partners Agility II,2020-10-31,Not have CRBM
KSBG55000000,Total Vent Cap and Priv Equity,KSBF50118102,Industrial Growth Partners IV,2020-10-31,Not have CRBM
KSBG55000000,Total Vent Cap and Priv Equity,KSBF50118202,Industrial Growth Partners V,2020-10-31,Not have CRBM
KSBG55000000,Total Vent Cap and Priv Equity,KSBF50120002,Ironbridge II,2020-10-31,Not have CRBM
KSBG55000000,Total Vent Cap and Priv Equity,KSBF50122002,Lone Star VI,2020-10-31,Not have CRBM
KSBG55000000,Total Vent Cap and Priv Equity,KSBF50122102,Lone Star VII,2020-10-31,Not have CRBM
KSBG55000000,Total Vent Cap and Priv Equity,KSBF50123002,Longreach Capital 1,2020-10-31,Not have CRBM
KSBG55000000,Total Vent Cap and Priv Equity,KSBF50123102,Longreach Capital 2,2020-10-31,Not have CRBM
KSBG55000000,Total Vent Cap and Priv Equity,KSBF50123202,Longreach Capital 3,2020-10-31,Not have CRBM
KSBG55000000,Total Vent Cap and Priv Equity,KSBF50124002,Madison Dearborn V,2020-10-31,Not have CRBM
KSBG55000000,Total Vent Cap and Priv Equity,KSBF50124102,Madison Dearborn VI,2020-10-31,Not have CRBM
KSBG55000000,Total Vent Cap and Priv Equity,KSBF50125102,Matlin Patterson II,2020-10-31,Not have CRBM
KSBG55000000,Total Vent Cap and Priv Equity,KSBF50127002,MHR Inst III,2020-10-31,Not have CRBM
KSBG55000000,Total Vent Cap and Priv Equity,KSBF50127102,MHR Institutional Partners IV,2020-10-31,Not have CRBM
KSBG55000000,Total Vent Cap and Priv Equity,KSBF50128002,NH Priv EQ Asia,2020-10-31,Not have CRBM
KSBG55000000,Total Vent Cap and Priv Equity,KSBF50128102,NH Priv EQ Asia III,2020-10-31,Not have CRBM
KSBG55000000,Total Vent Cap and Priv Equity,KSBF50128202,NH Priv EQ Asia IV,2020-10-31,Not have CRBM
KSBG55000000,Total Vent Cap and Priv Equity,KSBF50129002,OCM Oppor V,2020-10-31,Not have CRBM
KSBG55000000,Total Vent Cap and Priv Equity,KSBF50129102,OCM Oppor VI,2020-10-31,Not have CRBM
KSBG55000000,Total Vent Cap and Priv Equity,KSBF50129202,OCM Oppor VII,2020-10-31,Not have CRBM
KSBG55000000,Total Vent Cap and Priv Equity,KSBF50129302,OCM Oppor VII-B,2020-10-31,Not have CRBM
KSBG55000000,Total Vent Cap and Priv Equity,KSBF50129402,OCM Oppor VIII,2020-10-31,Not have CRBM
KSBG55000000,Total Vent Cap and Priv Equity,KSBF50129502,OCM Oppor VIII-B,2020-10-31,Not have CRBM
KSBG55000000,Total Vent Cap and Priv Equity,KSBF50129602,Oaktree Opportunities Fund IX,2020-10-31,Not have CRBM
KSBG55000000,Total Vent Cap and Priv Equity,KSBF50129802,Oaktree Opportunities Xb,2020-10-31,Not have CRBM
KSBG55000000,Total Vent Cap and Priv Equity,KSBF50130102,OCM Principal Opps IV,2020-10-31,Not have CRBM
KSBG55000000,Total Vent Cap and Priv Equity,KSBF50132002,Paul Cap VIII- A,2020-10-31,Not have CRBM
KSBG55000000,Total Vent Cap and Priv Equity,KSBF50132102,Paul Cap IX,2020-10-31,Not have CRBM
KSBG55000000,Total Vent Cap and Priv Equity,KSBF50134002,Quadrangle Cap II,2020-10-31,Not have CRBM
KSBG55000000,Total Vent Cap and Priv Equity,KSBF50135002,Saif Partners III,2020-10-31,Not have CRBM
KSBG55000000,Total Vent Cap and Priv Equity,KSBF50135102,Saif Partners IV,2020-10-31,Not have CRBM
KSBG55000000,Total Vent Cap and Priv Equity,KSBF50136002,Sankaty Credit Opps III,2020-10-31,Not have CRBM
KSBG55000000,Total Vent Cap and Priv Equity,KSBF50136102,Sankaty Credit Opps IV,2020-10-31,Not have CRBM
KSBG55000000,Total Vent Cap and Priv Equity,KSBF50137002,SB Asia Invest II,2020-10-31,Not have CRBM
KSBG55000000,Total Vent Cap and Priv Equity,KSBF50138002,Shamrock Cap Growth II,2020-10-31,Not have CRBM
KSBG55000000,Total Vent Cap and Priv Equity,KSBF50138102,Shamrock Cap Growth III,2020-10-31,Not have CRBM
KSBG55000000,Total Vent Cap and Priv Equity,KSBF50138202,Shamrock Capital Growth IV,2020-10-31,Not have CRBM
KSBG55000000,Total Vent Cap and Priv Equity,KSBF50139002,Silver Lake II,2020-10-31,Not have CRBM
KSBG55000000,Total Vent Cap and Priv Equity,KSBF50139102,Silver Lake III,2020-10-31,Not have CRBM
KSBG55000000,Total Vent Cap and Priv Equity,KSBF50139202,Silver Lake IV,2020-10-31,Not have CRBM
KSBG55000000,Total Vent Cap and Priv Equity,KSBF50139302,Silver Lake V,2020-10-31,Not have CRBM
KSBG55000000,Total Vent Cap and Priv Equity,KSBF50140002,Sino Finance Group,2020-10-31,Not have CRBM
KSBG55000000,Total Vent Cap and Priv Equity,KSBF50141002,Summit Partners VII-B,2020-10-31,Not have CRBM
KSBG55000000,Total Vent Cap and Priv Equity,KSBF50142002,TA Subord Debt II LP,2020-10-31,Not have CRBM
KSBG55000000,Total Vent Cap and Priv Equity,KSBF50142102,TA-X LP,2020-10-31,Not have CRBM
KSBG55000000,Total Vent Cap and Priv Equity,KSBF50142202,TA XI LP,2020-10-31,Not have CRBM
KSBG55000000,Total Vent Cap and Priv Equity,KSBF50142302,TA XII,2020-10-31,Not have CRBM
KSBG55000000,Total Vent Cap and Priv Equity,KSBF50142402,TA XIII LP,2020-10-31,Not have CRBM
KSBG55000000,Total Vent Cap and Priv Equity,KSBF50143002,Terra Firma Cap III,2020-10-31,Not have CRBM
KSBG55000000,Total Vent Cap and Priv Equity,KSBF50146002,Varde IX,2020-10-31,Not have CRBM
KSBG55000000,Total Vent Cap and Priv Equity,KSBF50146102,Varde Fund X,2020-10-31,Not have CRBM
KSBG55000000,Total Vent Cap and Priv Equity,KSBF50147002,Vestar Capital V,2020-10-31,Not have CRBM
KSBG55000000,Total Vent Cap and Priv Equity,KSBF50149002,Sequoia India Growth II,2020-10-31,Not have CRBM
KSBG55000000,Total Vent Cap and Priv Equity,KSBF50149102,Sequoia China Venture 2010,2020-10-31,Not have CRBM
KSBG55000000,Total Vent Cap and Priv Equity,KSBF50149202,Sequoia China Growth 2010,2020-10-31,Not have CRBM
KSBG55000000,Total Vent Cap and Priv Equity,KSBF50149302,Sequoia China Venture IV,2020-10-31,Not have CRBM
KSBG55000000,Total Vent Cap and Priv Equity,KSBF50149402,Sequoia Israel Venture V,2020-10-31,Not have CRBM
KSBG55000000,Total Vent Cap and Priv Equity,KSBF50149502,Sequoia China Growth III,2020-10-31,Not have CRBM
KSBG55000000,Total Vent Cap and Priv Equity,KSBF50149602,Sequoia India IV,2020-10-31,Not have CRBM
KSBG55000000,Total Vent Cap and Priv Equity,KSBF50149702,Sequoia China Venture V,2020-10-31,Not have CRBM
KSBG55000000,Total Vent Cap and Priv Equity,KSBF50149802,Sequoia Capital India V,2020-10-31,Not have CRBM
KSBG55000000,Total Vent Cap and Priv Equity,KSBF50150002,Ceyuan Ventures III,2020-10-31,Not have CRBM
KSBG55000000,Total Vent Cap and Priv Equity,KSBF50151002,Sequoia US Growth V,2020-10-31,Not have CRBM
KSBG55000000,Total Vent Cap and Priv Equity,KSBF50151102,Sequoia US Growth VI,2020-10-31,Not have CRBM
KSBG55000000,Total Vent Cap and Priv Equity,KSBF50151202,Sequoia US Growth VII,2020-10-31,Not have CRBM
KSBG55000000,Total Vent Cap and Priv Equity,KSBF50151302,Sequoia US GR VIII,2020-10-31,Not have CRBM
KSBG55000000,Total Vent Cap and Priv Equity,KSBF50151402,Sequoia US GR IX,2020-10-31,Not have CRBM
KSBG55000000,Total Vent Cap and Priv Equity,KSBF50152002,FTV IV LP,2020-10-31,Not have CRBM
KSBG55000000,Total Vent Cap and Priv Equity,KSBF50152102,"FTV V, L.P.",2020-10-31,Not have CRBM
KSBG55000000,Total Vent Cap and Priv Equity,KSBF50152202,FTV VI LP,2020-10-31,Not have CRBM
KSBG55000000,Total Vent Cap and Priv Equity,KSBF50153002,TCV VIII,2020-10-31,Not have CRBM
KSBG55000000,Total Vent Cap and Priv Equity,KSBF50153102,TCV IX,2020-10-31,Not have CRBM
KSBG55000000,Total Vent Cap and Priv Equity,KSBF50153202,TCV X,2020-10-31,Not have CRBM
KSBG55000000,Total Vent Cap and Priv Equity,KSBF50154002,Telegraph Hill III,2020-10-31,Not have CRBM
KSBG55000000,Total Vent Cap and Priv Equity,KSBF50155002,Marlin IV,2020-10-31,Not have CRBM
KSBG55000000,Total Vent Cap and Priv Equity,KSBF50155102,Marlin Heritage L.P.,2020-10-31,Not have CRBM
KSBG55000000,Total Vent Cap and Priv Equity,KSBF50155202,Marlin Equity V,2020-10-31,Not have CRBM
KSBG55000000,Total Vent Cap and Priv Equity,KSBF50155302,Marlin Heritage II,2020-10-31,Not have CRBM
KSBG55000000,Total Vent Cap and Priv Equity,KSBF50156002,Sentinel Capital V,2020-10-31,Not have CRBM
KSBG55000000,Total Vent Cap and Priv Equity,KSBF50156102,Sentinel Capital VI,2020-10-31,Not have CRBM
KSBG55000000,Total Vent Cap and Priv Equity,KSBF50157002,ZMC II LP,2020-10-31,Not have CRBM
KSBG55000000,Total Vent Cap and Priv Equity,KSBF50157102,ZMC III,2020-10-31,Not have CRBM
KSBG55000000,Total Vent Cap and Priv Equity,KSBF50158002,Kuramo Africa Opp Fund,2020-10-31,Not have CRBM
KSBG55000000,Total Vent Cap and Priv Equity,KSBF50158102,Kuramo Africa Opp Fund II,2020-10-31,Not have CRBM
KSBG55000000,Total Vent Cap and Priv Equity,KSBF50159002,Pamlico Capital III LP,2020-10-31,Not have CRBM
KSBG55000000,Total Vent Cap and Priv Equity,KSBF50159102,Pamlico Capital IV,2020-10-31,Not have CRBM
KSBG55000000,Total Vent Cap and Priv Equity,KSBF50160002,Deerfield PD Fund III,2020-10-31,Not have CRBM
KSBG55000000,Total Vent Cap and Priv Equity,KSBF50160102,Deerfield PD IV,2020-10-31,Not have CRBM
KSBG55000000,Total Vent Cap and Priv Equity,KSBF50161002,Hillhouse Fund II,2020-10-31,Not have CRBM
KSBG55000000,Total Vent Cap and Priv Equity,KSBF50161102,Hillhouse Fund III,2020-10-31,Not have CRBM
KSBG55000000,Total Vent Cap and Priv Equity,KSBF50161202,Hillhouse Fund IV,2020-10-31,Not have CRBM
KSBG55000000,Total Vent Cap and Priv Equity,KSBF50161302,Hillhouse V Feeder,2020-10-31,Not have CRBM
KSBG55000000,Total Vent Cap and Priv Equity,KSBF50161402,Hillhouse Focused V,2020-10-31,Not have CRBM
KSBG55000000,Total Vent Cap and Priv Equity,KSBF50162002,DCM Ventures China Turbo Fund,2020-10-31,Not have CRBM
KSBG55000000,Total Vent Cap and Priv Equity,KSBF50162102,DCM Ventures China Fund VIII,2020-10-31,Not have CRBM
KSBG55000000,Total Vent Cap and Priv Equity,KSBF50162202,DCM Vent China IX,2020-10-31,Not have CRBM
KSBG55000000,Total Vent Cap and Priv Equity,KSBF50163002,Valar Global Fund II,2020-10-31,Not have CRBM
KSBG55000000,Total Vent Cap and Priv Equity,KSBF50163102,Valar Global Fund III,2020-10-31,Not have CRBM
KSBG55000000,Total Vent Cap and Priv Equity,KSBF50163202,Valar Global Fund IV,2020-10-31,Not have CRBM
KSBG55000000,Total Vent Cap and Priv Equity,KSBF50163302,Valar Fund V,2020-10-31,Not have CRBM
KSBG55000000,Total Vent Cap and Priv Equity,KSBF50163402,Valar Fund VI,2020-10-31,Not have CRBM
KSBG55000000,Total Vent Cap and Priv Equity,KSBF50164002,Shoreline China Value III,2020-10-31,Not have CRBM
KSBG55000000,Total Vent Cap and Priv Equity,KSBF50164102,Shoreline Fund III Co-Inv,2020-10-31,Not have CRBM
KSBG55000000,Total Vent Cap and Priv Equity,KSBF50165002,Revolution Growth III,2020-10-31,Not have CRBM
KSBG55000000,Total Vent Cap and Priv Equity,KSBF50166002,IDG China Capital Fund III,2020-10-31,Not have CRBM
KSBG55000000,Total Vent Cap and Priv Equity,KSBF50166102,IDG China Venture V,2020-10-31,Not have CRBM
KSBG55000000,Total Vent Cap and Priv Equity,KSBF50168002,Kandeo Fund II,2020-10-31,Not have CRBM
KSBG55000000,Total Vent Cap and Priv Equity,KSBF50169002,Trustbridge V,2020-10-31,Not have CRBM
KSBG55000000,Total Vent Cap and Priv Equity,KSBF50169102,Trustbridge VI,2020-10-31,Not have CRBM
KSBG55000000,Total Vent Cap and Priv Equity,KSBF50170002,Thompson Street Capital IV,2020-10-31,Not have CRBM
KSBG55000000,Total Vent Cap and Priv Equity,KSBF50171002,Sequoia Cap China Venture VI,2020-10-31,Not have CRBM
KSBG55000000,Total Vent Cap and Priv Equity,KSBF50171102,Sequoia Cap China Growth IV,2020-10-31,Not have CRBM
KSBG55000000,Total Vent Cap and Priv Equity,KSBF50171202,Sequoia China Seed I,2020-10-31,Not have CRBM
KSBG55000000,Total Vent Cap and Priv Equity,KSBF50171302,Sequoia China VC VII,2020-10-31,Not have CRBM
KSBG55000000,Total Vent Cap and Priv Equity,KSBF50171402,Sequoia China GR V,2020-10-31,Not have CRBM
KSBG55000000,Total Vent Cap and Priv Equity,KSBF50171502,Seq China Gr VI,2020-10-31,Not have CRBM
KSBG55000000,Total Vent Cap and Priv Equity,KSBF50171602,Seq China VC VIII,2020-10-31,Not have CRBM
KSBG55000000,Total Vent Cap and Priv Equity,KSBF50171702,Seq China Seed II,2020-10-31,Not have CRBM
KSBG55000000,Total Vent Cap and Priv Equity,KSBF50172002,Sequoia India VC VI,2020-10-31,Not have CRBM
KSBG55000000,Total Vent Cap and Priv Equity,KSBF50172102,Sequoia India Seed I,2020-10-31,Not have CRBM
KSBG55000000,Total Vent Cap and Priv Equity,KSBF50172202,Seq India Gr III,2020-10-31,Not have CRBM
KSBG55000000,Total Vent Cap and Priv Equity,KSBF50172302,Seq India VC VII,2020-10-31,Not have CRBM
KSBG55000000,Total Vent Cap and Priv Equity,KSBF50174002,Sequoia Cap Gbl Growth Fund II,2020-10-31,Not have CRBM
KSBG55000000,Total Vent Cap and Priv Equity,KSBF50174102,Sequoia GLB GRTH III,2020-10-31,Not have CRBM
KSBG55000000,Total Vent Cap and Priv Equity,KSBF50174202,Seq Gbl III US India,2020-10-31,Not have CRBM
KSBG55000000,Total Vent Cap and Priv Equity,KSBF50174302,SEQ GBL III China,2020-10-31,Not have CRBM
KSBG55000000,Total Vent Cap and Priv Equity,KSBF50175002,Shamrock Cap Cont I,2020-10-31,Not have CRBM
KSBG55000000,Total Vent Cap and Priv Equity,KSBF50176002,GGV VI,2020-10-31,Not have CRBM
KSBG55000000,Total Vent Cap and Priv Equity,KSBF50176102,GGV VI Plus,2020-10-31,Not have CRBM
KSBG55000000,Total Vent Cap and Priv Equity,KSBF50176202,GGV Discovery I,2020-10-31,Not have CRBM
KSBG55000000,Total Vent Cap and Priv Equity,KSBF50176302,GGV VII,2020-10-31,Not have CRBM
KSBG55000000,Total Vent Cap and Priv Equity,KSBF50176402,GGV VII Plus,2020-10-31,Not have CRBM
KSBG55000000,Total Vent Cap and Priv Equity,KSBF50176502,GGV Discovery II,2020-10-31,Not have CRBM
KSBG55000000,Total Vent Cap and Priv Equity,KSBF50177002,Accel XIII,2020-10-31,Not have CRBM
KSBG55000000,Total Vent Cap and Priv Equity,KSBF50177102,Accel Growth Fund IV,2020-10-31,Not have CRBM
KSBG55000000,Total Vent Cap and Priv Equity,KSBF50177202,Accel Leaders Fund,2020-10-31,Not have CRBM
KSBG55000000,Total Vent Cap and Priv Equity,KSBF50177302,Accel India V,2020-10-31,Not have CRBM
KSBG55000000,Total Vent Cap and Priv Equity,KSBF50177402,Accel Growth V,2020-10-31,Not have CRBM
KSBG55000000,Total Vent Cap and Priv Equity,KSBF50177502,Accel Leaders II,2020-10-31,Not have CRBM
KSBG55000000,Total Vent Cap and Priv Equity,KSBF50177602,Accel India VI,2020-10-31,Not have CRBM
KSBG55000000,Total Vent Cap and Priv Equity,KSBF50178002,83North IV LP,2020-10-31,Not have CRBM
KSBG55000000,Total Vent Cap and Priv Equity,KSBF50178102,83NORTH V,2020-10-31,Not have CRBM
KSBG55000000,Total Vent Cap and Priv Equity,KSBF50178202,83North FXV LP,2020-10-31,Not have CRBM
KSBG55000000,Total Vent Cap and Priv Equity,KSBF50178302,83North FXV III,2020-10-31,Not have CRBM
KSBG55000000,Total Vent Cap and Priv Equity,KSBF50179002,Northern Light V,2020-10-31,Not have CRBM
KSBG55000000,Total Vent Cap and Priv Equity,KSBF50180002,Alphax Partners I,2020-10-31,Not have CRBM
KSBG55000000,Total Vent Cap and Priv Equity,KSBF50181002,Saama Capital IV,2020-10-31,Not have CRBM
KSBG55000000,Total Vent Cap and Priv Equity,KSBF50500002,Champion Ventures III,2020-10-31,Not have CRBM
KSBG55000000,Total Vent Cap and Priv Equity,KSBF50501002,Charles River XIII,2020-10-31,Not have CRBM
KSBG55000000,Total Vent Cap and Priv Equity,KSBF50501102,Charles River XIV,2020-10-31,Not have CRBM
KSBG55000000,Total Vent Cap and Priv Equity,KSBF50501202,Charles River XV,2020-10-31,Not have CRBM
KSBG55000000,Total Vent Cap and Priv Equity,KSBF50501302,Charles River XVI,2020-10-31,Not have CRBM
KSBG55000000,Total Vent Cap and Priv Equity,KSBF50501402,CRV XVII,2020-10-31,Not have CRBM
KSBG55000000,Total Vent Cap and Priv Equity,KSBF50502002,Founders Fund II,2020-10-31,Not have CRBM
KSBG55000000,Total Vent Cap and Priv Equity,KSBF50502102,Founders Fund III,2020-10-31,Not have CRBM
KSBG55000000,Total Vent Cap and Priv Equity,KSBF50502202,Founders Fund IV,2020-10-31,Not have CRBM
KSBG55000000,Total Vent Cap and Priv Equity,KSBF50502302,Founders Fund V,2020-10-31,Not have CRBM
KSBG55000000,Total Vent Cap and Priv Equity,KSBF50502402,The Founders Fund VI,2020-10-31,Not have CRBM
KSBG55000000,Total Vent Cap and Priv Equity,KSBF50502502,Lembas II,2020-10-31,Not have CRBM
KSBG55000000,Total Vent Cap and Priv Equity,KSBF50502602,Founders Fund VII,2020-10-31,Not have CRBM
KSBG55000000,Total Vent Cap and Priv Equity,KSBF50503002,FTV III LP,2020-10-31,Not have CRBM
KSBG55000000,Total Vent Cap and Priv Equity,KSBF50504002,Highland Capital IV,2020-10-31,Not have CRBM
KSBG55000000,Total Vent Cap and Priv Equity,KSBF50504102,Highland Capital V,2020-10-31,Not have CRBM
KSBG55000000,Total Vent Cap and Priv Equity,KSBF50504202,Highland Capital VI,2020-10-31,Not have CRBM
KSBG55000000,Total Vent Cap and Priv Equity,KSBF50504302,Highland Capital VII,2020-10-31,Not have CRBM
KSBG55000000,Total Vent Cap and Priv Equity,KSBF50504402,Highland Capital VIII,2020-10-31,Not have CRBM
KSBG55000000,Total Vent Cap and Priv Equity,KSBF50504502,Highland Capital 9,2020-10-31,Not have CRBM
KSBG55000000,Total Vent Cap and Priv Equity,KSBF50505002,Knightsbridge VI,2020-10-31,Not have CRBM
KSBG55000000,Total Vent Cap and Priv Equity,KSBF50506002,New Leaf Vent II,2020-10-31,Not have CRBM
KSBG55000000,Total Vent Cap and Priv Equity,KSBF50507002,Polaris V,2020-10-31,Not have CRBM
KSBG55000000,Total Vent Cap and Priv Equity,KSBF50507102,Polaris VI,2020-10-31,Not have CRBM
KSBG55000000,Total Vent Cap and Priv Equity,KSBF50507202,Polaris VII,2020-10-31,Not have CRBM
KSBG55000000,Total Vent Cap and Priv Equity,KSBF50507302,Polaris VIII,2020-10-31,Not have CRBM
KSBG55000000,Total Vent Cap and Priv Equity,KSBF50507402,Polaris IX,2020-10-31,Not have CRBM
KSBG55000000,Total Vent Cap and Priv Equity,KSBF50508002,Sanderling VI,2020-10-31,Not have CRBM
KSBG55000000,Total Vent Cap and Priv Equity,KSBF50508102,Sanderling VI Co-Investment,2020-10-31,Not have CRBM
KSBG55000000,Total Vent Cap and Priv Equity,KSBF50508202,Sanderling VII,2020-10-31,Not have CRBM
KSBG55000000,Total Vent Cap and Priv Equity,KSBF50509002,SVB Strategic II,2020-10-31,Not have CRBM
KSBG55000000,Total Vent Cap and Priv Equity,KSBF50509102,SVB Strategic III,2020-10-31,Not have CRBM
KSBG55000000,Total Vent Cap and Priv Equity,KSBF50509202,Capital Partners III,2020-10-31,Not have CRBM
KSBG55000000,Total Vent Cap and Priv Equity,KSBF50510002,TCV VI,2020-10-31,Not have CRBM
KSBG55000000,Total Vent Cap and Priv Equity,KSBF50510102,TCV VII,2020-10-31,Not have CRBM
KSBG55000000,Total Vent Cap and Priv Equity,KSBF50511002,Tech Part VIII- VC,2020-10-31,Not have CRBM
KSBG55000000,Total Vent Cap and Priv Equity,KSBF50512002,Zero2IPO China II,2020-10-31,Not have CRBM
KSBG55000000,Total Vent Cap and Priv Equity,KSBF50512102,Zero2IPO China Angel III,2020-10-31,Not have CRBM
KSBG55000000,Total Vent Cap and Priv Equity,KSBF50513002,InterWest Partners X,2020-10-31,Not have CRBM
KSBG55000000,Total Vent Cap and Priv Equity,KSBF50514102,Sequoia US Venture 2010,2020-10-31,Not have CRBM
KSBG55000000,Total Vent Cap and Priv Equity,KSBF50514202,Sequoia US Venture XIV,2020-10-31,Not have CRBM
KSBG55000000,Total Vent Cap and Priv Equity,KSBF50514302,Sequoia Venture 2010 Seed,2020-10-31,Not have CRBM
KSBG55000000,Total Vent Cap and Priv Equity,KSBF50514402,Sequoia US Scout 2013,2020-10-31,Not have CRBM
KSBG55000000,Total Vent Cap and Priv Equity,KSBF50514502,Sequoia US Venture XV,2020-10-31,Not have CRBM
KSBG55000000,Total Vent Cap and Priv Equity,KSBF50514602,Sequoia Sct Seed III,2020-10-31,Not have CRBM
KSBG55000000,Total Vent Cap and Priv Equity,KSBF50514702,Sequoia US VC XVI,2020-10-31,Not have CRBM
KSBG55000000,Total Vent Cap and Priv Equity,KSBF50514802,Sequoia US VC XVII,2020-10-31,Not have CRBM
KSBG55000000,Total Vent Cap and Priv Equity,KSBF50515002,5AM IV,2020-10-31,Not have CRBM
KSBG55000000,Total Vent Cap and Priv Equity,KSBF50515102,"5AM Ventures V, L.P.",2020-10-31,Not have CRBM
KSBG55000000,Total Vent Cap and Priv Equity,KSBF50516002,Versant V,2020-10-31,Not have CRBM
KSBG55000000,Total Vent Cap and Priv Equity,KSBF50516102,Versant VI,2020-10-31,Not have CRBM
KSBG55000000,Total Vent Cap and Priv Equity,KSBF50516202,Versant VII,2020-10-31,Not have CRBM
KSBG55000000,Total Vent Cap and Priv Equity,KSBF50516302,Versant Vantage I,2020-10-31,Not have CRBM
KSBG55000000,Total Vent Cap and Priv Equity,KSBF50517002,Pear Ventures I,2020-10-31,Not have CRBM
KSBG55000000,Total Vent Cap and Priv Equity,KSBF50517102,Pear Ventures II,2020-10-31,Not have CRBM
KSBG55000000,Total Vent Cap and Priv Equity,KSBF50517202,Pear III,2020-10-31,Not have CRBM
KSBG55000000,Total Vent Cap and Priv Equity,KSBF50518002,Thrive Capital Partners IV,2020-10-31,Not have CRBM
KSBG55000000,Total Vent Cap and Priv Equity,KSBF50518102,Thrive Capital Partners IV Sup,2020-10-31,Not have CRBM
KSBG55000000,Total Vent Cap and Priv Equity,KSBF50518202,Thrive Capital Partners V L.P.,2020-10-31,Not have CRBM
KSBG55000000,Total Vent Cap and Priv Equity,KSBF50518302,Thrive VI,2020-10-31,Not have CRBM
KSBG55000000,Total Vent Cap and Priv Equity,KSBF50518402,Thrive VI Growth,2020-10-31,Not have CRBM
KSBG55000000,Total Vent Cap and Priv Equity,KSBF50519002,Legacy Venture VII,2020-10-31,Not have CRBM
KSBG55000000,Total Vent Cap and Priv Equity,KSBF50520002,Formation 8 Partners Fund II,2020-10-31,Not have CRBM
KSBG55000000,Total Vent Cap and Priv Equity,KSBF50521002,Maveron Equity Partners V,2020-10-31,Not have CRBM
KSBG55000000,Total Vent Cap and Priv Equity,KSBF50521102,"Maveron Equity Partners VI, LP",2020-10-31,Not have CRBM
KSBG55000000,Total Vent Cap and Priv Equity,KSBF50521202,Maveron VII,2020-10-31,Not have CRBM
KSBG55000000,Total Vent Cap and Priv Equity,KSBF50522002,"A-Fund II, L.P.",2020-10-31,Not have CRBM
KSBG55000000,Total Vent Cap and Priv Equity,KSBF50522102,A Fund III,2020-10-31,Not have CRBM
KSBG55000000,Total Vent Cap and Priv Equity,KSBF50523002,CrossCut Ventures 3 LP,2020-10-31,Not have CRBM
KSBG55000000,Total Vent Cap and Priv Equity,KSBF50523102,CrossCut Ventures 4 LP,2020-10-31,Not have CRBM
KSBG55000000,Total Vent Cap and Priv Equity,KSBF50524002,TI Platform Fund I,2020-10-31,Not have CRBM
KSBG55000000,Total Vent Cap and Priv Equity,KSBF50524102,TI Platform Fund II,2020-10-31,Not have CRBM
KSBG55000000,Total Vent Cap and Priv Equity,KSBF50525002,"Felicis Ventures V, L.P.",2020-10-31,Not have CRBM
KSBG55000000,Total Vent Cap and Priv Equity,KSBF50526002,Andreessen Horowitz Fund VQ LP,2020-10-31,Not have CRBM
KSBG55000000,Total Vent Cap and Priv Equity,KSBF50526102,AH Parallel Fund VQ LP,2020-10-31,Not have CRBM
KSBG55000000,Total Vent Cap and Priv Equity,KSBF50526202,AH LSV Fund I,2020-10-31,Not have CRBM
KSBG55000000,Total Vent Cap and Priv Equity,KSBF50526302,Andreessen H Fund VI,2020-10-31,Not have CRBM
KSBG55000000,Total Vent Cap and Priv Equity,KSBF50527002,"Initialized III, L.P.",2020-10-31,Not have CRBM
KSBG55000000,Total Vent Cap and Priv Equity,KSBF50527102,Initialized Annex,2020-10-31,Not have CRBM
KSBG55000000,Total Vent Cap and Priv Equity,KSBF50528002,YC II LP,2020-10-31,Not have CRBM
KSBG55000000,Total Vent Cap and Priv Equity,KSBF50528202,YCC20 LP Continuity,2020-10-31,Not have CRBM
KSBG55000000,Total Vent Cap and Priv Equity,KSBF50528302,Y Combinator ES20,2020-10-31,Not have CRBM
KSBG55000000,Total Vent Cap and Priv Equity,KSBF50529002,General Catalyst IX,2020-10-31,Not have CRBM
KSBG55000000,Total Vent Cap and Priv Equity,KSBF50529102,GC X-Early Venture,2020-10-31,Not have CRBM
KSBG55000000,Total Vent Cap and Priv Equity,KSBF50529202,GC X-Growth Venture,2020-10-31,Not have CRBM
KSBG55000000,Total Vent Cap and Priv Equity,KSBF50529302,GC X Endurance,2020-10-31,Not have CRBM
KSBG55000000,Total Vent Cap and Priv Equity,KSBF50530002,Accel XIV,2020-10-31,Not have CRBM
KSBG55000000,Total Vent Cap and Priv Equity,KSBF55010002,Startup Capital Vent,2020-10-31,Not have CRBM
KSBG55000000,Total Vent Cap and Priv Equity,KSBF55010102,Startup Capital II,2020-10-31,Not have CRBM
KSBG55000000,Total Vent Cap and Priv Equity,KSBF55011002,Tech Partners VIII-HTI,2020-10-31,Not have CRBM
KSBG55000000,Total Vent Cap and Priv Equity,KSBF55012002,Arsenal Venture Partners II,2020-10-31,Not have CRBM
KSBG55000000,Total Vent Cap and Priv Equity,KSBG55000000,Total Vent Cap and Priv Equity,2020-10-31,Not have CRBM
KSBG66000000,Total Mktble Real Assets,KSBF60014002,Touradji PE Offshore,2020-10-31,Not have CRBM
KSBG66000000,Total Mktble Real Assets,KSBF60023002,Chickasaw MLP,2020-10-31,Not have CRBM
KSBG66000000,Total Mktble Real Assets,KSBG66000000,Total Mktble Real Assets,2020-10-31,Not have CRBM
KSBG66050000,Total Energy & Other Illiquid,KSBF60500202,Arclight Energy IV,2020-10-31,Not have CRBM
KSBG66050000,Total Energy & Other Illiquid,KSBF60502102,Denham Commodity V,2020-10-31,Not have CRBM
KSBG66050000,Total Energy & Other Illiquid,KSBF60502202,Denham Commodity VI,2020-10-31,Not have CRBM
KSBG66050000,Total Energy & Other Illiquid,KSBF60503002,Encap Energy VI,2020-10-31,Not have CRBM
KSBG66050000,Total Energy & Other Illiquid,KSBF60503102,Encap Energy VII,2020-10-31,Not have CRBM
KSBG66050000,Total Energy & Other Illiquid,KSBF60503202,Encap Energy VIII,2020-10-31,Not have CRBM
KSBG66050000,Total Energy & Other Illiquid,KSBF60503302,Encap Energy IX,2020-10-31,Not have CRBM
KSBG66050000,Total Energy & Other Illiquid,KSBF60503402,Encap Energy X,2020-10-31,Not have CRBM
KSBG66050000,Total Energy & Other Illiquid,KSBF60503502,Encap Energy XI,2020-10-31,Not have CRBM
KSBG66050000,Total Energy & Other Illiquid,KSBF60504102,Energy Spectrum VI,2020-10-31,Not have CRBM
KSBG66050000,Total Energy & Other Illiquid,KSBF60504202,Energy Spectrum VII,2020-10-31,Not have CRBM
KSBG66050000,Total Energy & Other Illiquid,KSBF60504302,Energy Spectrum VIII,2020-10-31,Not have CRBM
KSBG66050000,Total Energy & Other Illiquid,KSBF60505002,Enervest Energy XI,2020-10-31,Not have CRBM
KSBG66050000,Total Energy & Other Illiquid,KSBF60505102,Enervest Energy XII,2020-10-31,Not have CRBM
KSBG66050000,Total Energy & Other Illiquid,KSBF60505202,Enervest Energy XIII,2020-10-31,Not have CRBM
KSBG66050000,Total Energy & Other Illiquid,KSBF60505302,Enervest Energy Inst. XIV-C,2020-10-31,Not have CRBM
KSBG66050000,Total Energy & Other Illiquid,KSBF60506002,First Reserve X,2020-10-31,Not have CRBM
KSBG66050000,Total Energy & Other Illiquid,KSBF60506102,First Reserve XI,2020-10-31,Not have CRBM
KSBG66050000,Total Energy & Other Illiquid,KSBF60506202,First Reserve XII,2020-10-31,Not have CRBM
KSBG66050000,Total Energy & Other Illiquid,KSBF60506302,First Reserve XIII,2020-10-31,Not have CRBM
KSBG66050000,Total Energy & Other Illiquid,KSBF60507002,Greenfield Acquisition V,2020-10-31,Not have CRBM
KSBG66050000,Total Energy & Other Illiquid,KSBF60507102,Greenfield Acquisition VI,2020-10-31,Not have CRBM
KSBG66050000,Total Energy & Other Illiquid,KSBF60507202,Greenfield Acquisition VII,2020-10-31,Not have CRBM
KSBG66050000,Total Energy & Other Illiquid,KSBF60508002,Haddington Energy Partners III,2020-10-31,Not have CRBM
KSBG66050000,Total Energy & Other Illiquid,KSBF60508102,Haddington Energy Partners IV,2020-10-31,Not have CRBM
KSBG66050000,Total Energy & Other Illiquid,KSBF60509002,Kayne Anderson En IV,2020-10-31,Not have CRBM
KSBG66050000,Total Energy & Other Illiquid,KSBF60509102,Kayne Anderson En V,2020-10-31,Not have CRBM
KSBG66050000,Total Energy & Other Illiquid,KSBF60509202,Kayne Anderson Energy Fund VII,2020-10-31,Not have CRBM
KSBG66050000,Total Energy & Other Illiquid,KSBF60510102,Lime Rock IV Acquisition,2020-10-31,Not have CRBM
KSBG66050000,Total Energy & Other Illiquid,KSBF60510202,Lime Rock Partners V,2020-10-31,Not have CRBM
KSBG66050000,Total Energy & Other Illiquid,KSBF60510302,Lime Rock Resources II-C,2020-10-31,Not have CRBM
KSBG66050000,Total Energy & Other Illiquid,KSBF60510402,Lime Rock Partners VI,2020-10-31,Not have CRBM
KSBG66050000,Total Energy & Other Illiquid,KSBF60510502,Lime Rock Partners VII,2020-10-31,Not have CRBM
KSBG66050000,Total Energy & Other Illiquid,KSBF60510602,Lime Rock VIII,2020-10-31,Not have CRBM
KSBG66050000,Total Energy & Other Illiquid,KSBF60511002,Merit Energy E-1,2020-10-31,Not have CRBM
KSBG66050000,Total Energy & Other Illiquid,KSBF60511102,Merit Energy F-1,2020-10-31,Not have CRBM
KSBG66050000,Total Energy & Other Illiquid,KSBF60511202,Merit Energy G,2020-10-31,Not have CRBM
KSBG66050000,Total Energy & Other Illiquid,KSBF60511302,Merit Energy Partners I,2020-10-31,Not have CRBM
KSBG66050000,Total Energy & Other Illiquid,KSBF60511402,Merit Energy Partners J,2020-10-31,Not have CRBM
KSBG66050000,Total Energy & Other Illiquid,KSBF60512102,Natural Gas Partners IX,2020-10-31,Not have CRBM
KSBG66050000,Total Energy & Other Illiquid,KSBF60512202,Natural Gas Partners X,2020-10-31,Not have CRBM
KSBG66050000,Total Energy & Other Illiquid,KSBF60512302,Natural Gas Partners XI,2020-10-31,Not have CRBM
KSBG66050000,Total Energy & Other Illiquid,KSBF60513002,NGP Midstream & Res,2020-10-31,Not have CRBM
KSBG66050000,Total Energy & Other Illiquid,KSBF60513102,Energy Minerals Group Fund II,2020-10-31,Not have CRBM
KSBG66050000,Total Energy & Other Illiquid,KSBF60513202,EMG Fund III,2020-10-31,Not have CRBM
KSBG66050000,Total Energy & Other Illiquid,KSBF60513302,The Energy & Minerals Group IV,2020-10-31,Not have CRBM
KSBG66050000,Total Energy & Other Illiquid,KSBF60514102,Quantum Energy IV,2020-10-31,Not have CRBM
KSBG66050000,Total Energy & Other Illiquid,KSBF60514202,Quantum Energy V,2020-10-31,Not have CRBM
KSBG66050000,Total Energy & Other Illiquid,KSBF60514402,Quantum Energy VI,2020-10-31,Not have CRBM
KSBG66050000,Total Energy & Other Illiquid,KSBF60514502,Quantum Parallel Prtns. VI-C,2020-10-31,Not have CRBM
KSBG66050000,Total Energy & Other Illiquid,KSBF60514602,Quantum Energy VII,2020-10-31,Not have CRBM
KSBG66050000,Total Energy & Other Illiquid,KSBF60515002,Resource Capital IV,2020-10-31,Not have CRBM
KSBG66050000,Total Energy & Other Illiquid,KSBF60515102,Resource Capital V,2020-10-31,Not have CRBM
KSBG66050000,Total Energy & Other Illiquid,KSBF60515202,Resource Capital VI,2020-10-31,Not have CRBM
KSBG66050000,Total Energy & Other Illiquid,KSBF60515302,RCF V Annex Fund L.P.,2020-10-31,Not have CRBM
KSBG66050000,Total Energy & Other Illiquid,KSBF60515402,Resource Capital VII,2020-10-31,Not have CRBM
KSBG66050000,Total Energy & Other Illiquid,KSBF60517002,Sentient Global III,2020-10-31,Not have CRBM
KSBG66050000,Total Energy & Other Illiquid,KSBF60517102,Sentient Global IV,2020-10-31,Not have CRBM
KSBG66050000,Total Energy & Other Illiquid,KSBF60518002,JOG LP NO V,2020-10-31,Not have CRBM
KSBG66050000,Total Energy & Other Illiquid,KSBF60518102,JOG Limited Partnership No. VI,2020-10-31,Not have CRBM
KSBG66050000,Total Energy & Other Illiquid,KSBF60520002,Orion Mine Finance Fund I,2020-10-31,Not have CRBM
KSBG66050000,Total Energy & Other Illiquid,KSBF60520102,Orion Mine Fund I-A,2020-10-31,Not have CRBM
KSBG66050000,Total Energy & Other Illiquid,KSBF60520202,Orion Mine Finance Fund II LP,2020-10-31,Not have CRBM
KSBG66050000,Total Energy & Other Illiquid,KSBF60520302,Orion Mine III,2020-10-31,Not have CRBM
KSBG66050000,Total Energy & Other Illiquid,KSBF60521002,LBA Realty Fund V,2020-10-31,Not have CRBM
KSBG66050000,Total Energy & Other Illiquid,KSBF60522002,Alterna CCA Fund II,2020-10-31,Not have CRBM
KSBG66050000,Total Energy & Other Illiquid,KSBF60523002,Campus-Clarion SHP,2020-10-31,Not have CRBM
KSBG66050000,Total Energy & Other Illiquid,KSBF60524002,Agriculture Capital Management,2020-10-31,Not have CRBM
KSBG66050000,Total Energy & Other Illiquid,KSBF60524102,"ACM Fund II, LLC",2020-10-31,Not have CRBM
KSBG66050000,Total Energy & Other Illiquid,KSBF60525002,Wastewater Opportunities Fund,2020-10-31,Not have CRBM
KSBG66050000,Total Energy & Other Illiquid,KSBF60525102,WOF II,2020-10-31,Not have CRBM
KSBG66050000,Total Energy & Other Illiquid,KSBF60526002,DRA Growth and Income Fund IX,2020-10-31,Not have CRBM
KSBG66050000,Total Energy & Other Illiquid,KSBF60526102,DRA X,2020-10-31,Not have CRBM
KSBG66050000,Total Energy & Other Illiquid,KSBF60527002,Pep Priv Energy Opp,2020-10-31,Not have CRBM
KSBG66050000,Total Energy & Other Illiquid,KSBF60528002,Energy Trust V,2020-10-31,Not have CRBM
KSBG66050000,Total Energy & Other Illiquid,KSBF60529002,VGO II,2020-10-31,Not have CRBM
KSBG66050000,Total Energy & Other Illiquid,KSBF60530002,Blacksand Capital II,2020-10-31,Not have CRBM
KSBG66050000,Total Energy & Other Illiquid,KSBF60531002,Bayswater Fund IV,2020-10-31,Not have CRBM
KSBG66050000,Total Energy & Other Illiquid,KSBG66050000,Total Energy & Other Illiquid,2020-10-31,Not have CRBM
KSBG660NOT00,Total Mktble Real Assets Not,KSBF60014002,Touradji PE Offshore,2020-10-31,Not have CRBM
KSBG660NOT00,Total Mktble Real Assets Not,KSBF60023002,Chickasaw MLP,2020-10-31,Not have CRBM
KSBG660NOT00,Total Mktble Real Assets Not,KSBG660NOT00,Total Mktble Real Assets Not,2020-10-31,Not have CRBM
KSBG70000000,Total Absolute Return,KSBF60012102,Bridgewater Pure Alpha II,2020-10-31,
KSBG70000000,Total Absolute Return,KSBF70011002,Baupost,2020-10-31,0.39505534335188436
KSBG70000000,Total Absolute Return,KSBF70013002,Bain Capital Public Equity,2020-10-31,1.033372008732413
KSBG70000000,Total Absolute Return,KSBF70016002,Farallon,2020-10-31,0.3046440528756793
KSBG70000000,Total Absolute Return,KSBF70020002,Highfields,2020-10-31,0.6043171267369004
KSBG70000000,Total Absolute Return,KSBF70021002,Indus Asia Pacific,2020-10-31,0.2743577846472418
KSBG70000000,Total Absolute Return,KSBF70022002,Oz,2020-10-31,0.3046440528756793
KSBG70000000,Total Absolute Return,KSBF70028002,King Street Capital,2020-10-31,0.5317447850519889
KSBG70000000,Total Absolute Return,KSBF70029002,Centerbridge Credit,2020-10-31,0.5317447850519889
KSBG70000000,Total Absolute Return,KSBF70032002,Steadfast,2020-10-31,0.40287808449126594
KSBG70000000,Total Absolute Return,KSBF70035002,Aleutian Fund,2020-10-31,Not have CRBM
KSBG70000000,Total Absolute Return,KSBF70039002,Bridgewater Pure,2020-10-31,
KSBG70000000,Total Absolute Return,KSBF70040002,ADM Capital Galleus II,2020-10-31,Not have CRBM
KSBG70000000,Total Absolute Return,KSBF70043002,Senator,2020-10-31,0.6043171267369004
KSBG70000000,Total Absolute Return,KSBF70045002,DoubleLine Flexible Income,2020-10-31,0.04572655239440694
KSBG70000000,Total Absolute Return,KSBF70047002,Pacific Alliance GP Asia Ln Fd,2020-10-31,0.5222918427011733
KSBG70000000,Total Absolute Return,KSBF70047102,PAG Asia Loan II Fund,2020-10-31,0.5222918427011733
KSBG70000000,Total Absolute Return,KSBF70050002,Capstone Global,2020-10-31,
KSBG70000000,Total Absolute Return,KSBF70052002,Audax Loan Fund,2020-10-31,0.5222918427011733
KSBG70000000,Total Absolute Return,KSBF70053002,CapitalSpring Lending Partners,2020-10-31,0.5222918427011733
KSBG70000000,Total Absolute Return,KSBF70053102,CSKS,2020-10-31,0.5585247960597395
KSBG70000000,Total Absolute Return,KSBF70054002,ILS P&C,2020-10-31,0.5222918427011733
KSBG70000000,Total Absolute Return,KSBF70054102,ILS Property&Casualty Fund II,2020-10-31,0.5222918427011733
KSBG70000000,Total Absolute Return,KSBF70055002,Crescent,2020-10-31,0.5222918427011733
KSBG70000000,Total Absolute Return,KSBF70056002,MTP Energy Ops,2020-10-31,Not have CRBM
KSBG70000000,Total Absolute Return,KSBF70057002,Camber,2020-10-31,0.2479206407983122
KSBG70000000,Total Absolute Return,KSBF70058002,Kayne Anderson Loan,2020-10-31,
KSBG70000000,Total Absolute Return,KSBF70060002,TCI REP Fund I,2020-10-31,-0.013882435637016442
KSBG70000000,Total Absolute Return,KSBF70061002,Field Street,2020-10-31,
KSBG70000000,Total Absolute Return,KSBF70062002,Clareant Loan Fund,2020-10-31,0.5222918427011733
KSBG70000000,Total Absolute Return,KSBF70066002,Myriad,2020-10-31,0.2743577846472418
KSBG70000000,Total Absolute Return,KSBF70067002,CQS Directional Opportunities,2020-10-31,Not have CRBM
KSBG70000000,Total Absolute Return,KSBF70068002,WAMCO Macro Opp Fund,2020-10-31,0.14169657802691663
KSBG70000000,Total Absolute Return,KSBF70070002,Pine River Special Opp.,2020-10-31,0.5222918427011733
KSBG70000000,Total Absolute Return,KSBF70071002,DoubleLine CMBS/CRE Fund,2020-10-31,Not have CRBM
KSBG70000000,Total Absolute Return,KSBF70075002,RA Capital Healthcare Fund,2020-10-31,1.1324897319554097
KSBG70000000,Total Absolute Return,KSBF70078002,Dorsal Capital Partners,2020-10-31,0.12400464104788889
KSBG70000000,Total Absolute Return,KSBF70079002,MTP Energy Opportunities Fd II,2020-10-31,0.5317447850519889
KSBG70000000,Total Absolute Return,KSBF70080002,VGO Special Situations Fund I,2020-10-31,0.5222918427011733
KSBG70000000,Total Absolute Return,KSBF70081002,Altimeter Offshore,2020-10-31,0.7477629675098137
KSBG70000000,Total Absolute Return,KSBF70082002,KSOH Fund,2020-10-31,0.5222918427011733
KSBG70000000,Total Absolute Return,KSBF70083002,Riva Capital Part V,2020-10-31,0.5222918427011733
KSBG70000000,Total Absolute Return,KSBF70083102,Abrams Cap Part II,2020-10-31,0.8261047617567392
KSBG70000000,Total Absolute Return,KSBF70084002,Soma Partners,2020-10-31,0.6716918056760687
KSBG70000000,Total Absolute Return,KSBF70085002,Perceptive Life Sci,2020-10-31,1.019240758759869
KSBG70000000,Total Absolute Return,KSBF70086002,Alphadyne,2020-10-31,
KSBG70000000,Total Absolute Return,KSBF70087002,Segantii,2020-10-31,
KSBG70000000,Total Absolute Return,KSBF70088002,Iron Park Win,2020-10-31,
KSBG70000000,Total Absolute Return,KSBF70089002,Rief Strategic Part,2020-10-31,0.3046440528756793
KSBG70000000,Total Absolute Return,KSBF70090002,Candlestick,2020-10-31,0.14428694109613488
KSBG70000000,Total Absolute Return,KSBF70091002,Trivest Advisors,2020-10-31,0.1885390736381089
KSBG70000000,Total Absolute Return,KSBF70092002,Citadel Kensington,2020-10-31,
KSBG70000000,Total Absolute Return,KSBF70094002,Alua,2020-10-31,0.5967975712995975
KSBG70000000,Total Absolute Return,KSBF70095002,Melvin Cap Offsh,2020-10-31,0.7199331067971123
KSBG70000000,Total Absolute Return,KSBF70097002,Laurion Capital,2020-10-31,0.10154701292813238
KSBG70000000,Total Absolute Return,KSBG70000000,Total Absolute Return,2020-10-31,Not have CRBM
