AC,Account #,Manager,NAV ($M),Category,Total Exposure,SBMMTB3 Index,SPX Index,NDDUWI Index,M1WO000G Index,MLCLEUR Index,RAG Index,RAY Index,CCMP Index,MIMUEURN Index,NDDUE15 Index,NDUGE15 Index,SPBSMIT Index,TPX Index,RGUSHSBT Index,RU30VATR Index,LG30TRUU Index,LBUSTRUU Index,SP5NINFT Index,SP5NINDU Index,LG57TRUU Index,S5COND Index,S5CONS Index,MXWD Index,MXCN Index,RGUSH Index,FTR1GRCH Index,M1FMASN Index,MBCN1A Index,R1FqF Index,H0A0 Index,SPLGAL Index,SPUHYBD Index,MXMS Index,LD19TRUU Index,MXEFSC Index,MXEA Index,NSELMTR Index,,,,,,,,,,,,,,,,,,,,,
Developed,KSBF10010002,Adage,,Long Exposure,,,100%,,,,,,,,,,,,,,,,,,,,,,,,,,,,,,,,,,,,,,,,,,,,,,,,,,,,,,,,
Developed,KSBF10010002,Adage,,Long Beta,,,1,,,,,,,,,,,,,,,,,,,,,,,,,,,,,,,,,,,,,,,,,,,,,,,,,,,,,,,,
Developed,KSBF10010002,Adage,,Short Exposure,,,,,,,,,,,,,,,,,,,,,,,,,,,,,,,,,,,,,,,,,,,,,,,,,,,,,,,,,,,
Developed,KSBF10010002,Adage,,Short Beta,,,,,,,,,,,,,,,,,,,,,,,,,,,,,,,,,,,,,,,,,,,,,,,,,,,,,,,,,,,
Developed,KSBF10010002,Adage,263.1,Beta Adj Exposure,100%,0%,100%,0%,0%,0%,0%,0%,0%,0%,0%,0%,0%,0%,0%,0%,0%,0%,0%,0%,0%,0%,0%,0%,0%,0%,0%,0%,0%,0%,0%,0%,0%,0%,0%,0%,0%,0%,0%,0%,0%,0%,0%,0%,0%,0%,0%,0%,0%,0%,0%,0%,0%,0%,0%,0%,0%,0%,0%
Developed,KSBF20020002,AKO,,Long Exposure,,,,,,100%,,,,,,,,,,,,,,,,,,,,,,,,,,,,,,,,,,,,,,,,,,,,,,,,,,,,,
Developed,KSBF20020002,AKO,,Long Beta,,,,,,1,,,,,,,,,,,,,,,,,,,,,,,,,,,,,,,,,,,,,,,,,,,,,,,,,,,,,
Developed,KSBF20020002,AKO,,Short Exposure,,,,,,,,,,,,,,,,,,,,,,,,,,,,,,,,,,,,,,,,,,,,,,,,,,,,,,,,,,,
Developed,KSBF20020002,AKO,,Short Beta,,,,,,,,,,,,,,,,,,,,,,,,,,,,,,,,,,,,,,,,,,,,,,,,,,,,,,,,,,,
Developed,KSBF20020002,AKO,145.4,Beta Adj Exposure,100%,0%,0%,0%,0%,100%,0%,0%,0%,0%,0%,0%,0%,0%,0%,0%,0%,0%,0%,0%,0%,0%,0%,0%,0%,0%,0%,0%,0%,0%,0%,0%,0%,0%,0%,0%,0%,0%,0%,0%,0%,0%,0%,0%,0%,0%,0%,0%,0%,0%,0%,0%,0%,0%,0%,0%,0%,0%,0%
Developed,KSBF10022002,Stockbridge,,Long Exposure,,,,,,,95%,,,,,,,,,,,,,,,,,,,,,,,,,,,,,,,,,,,,,,,,,,,,,,,,,,,,
Developed,KSBF10022002,Stockbridge,,Long Beta,,,,,,,1,,,,,,,,,,,,,,,,,,,,,,,,,,,,,,,,,,,,,,,,,,,,,,,,,,,,
Developed,KSBF10022002,Stockbridge,,Short Exposure,,,,,,,,,,,,,,,,,,,,,,,,,,,,,,,,,,,,,,,,,,,,,,,,,,,,,,,,,,,
Developed,KSBF10022002,Stockbridge,,Short Beta,,,,,,,,,,,,,,,,,,,,,,,,,,,,,,,,,,,,,,,,,,,,,,,,,,,,,,,,,,,
Developed,KSBF10022002,Stockbridge,73.8,Beta Adj Exposure,95%,0%,0%,0%,0%,0%,95%,0%,0%,0%,0%,0%,0%,0%,0%,0%,0%,0%,0%,0%,0%,0%,0%,0%,0%,0%,0%,0%,0%,0%,0%,0%,0%,0%,0%,0%,0%,0%,0%,0%,0%,0%,0%,0%,0%,0%,0%,0%,0%,0%,0%,0%,0%,0%,0%,0%,0%,0%,0%
Developed,KSBF10021002,Whitespruce,,Long Exposure,,,,,,,,,,,,,,,,,,,,,,,,,,,,,,100%,,,,,,,,,,,,,,,,,,,,,,,,,,,,,
Developed,KSBF10021002,Whitespruce,,Long Beta,,,,,,,,,,,,,,,,,,,,,,,,,,,,,,0.9,,,,,,,,,,,,,,,,,,,,,,,,,,,,,
Developed,KSBF10021002,Whitespruce,,Short Exposure,,,,,,,,,,,,,,,,,,,,,,,,,,,,,,,,,,,,,,,,,,,,,,,,,,,,,,,,,,,
Developed,KSBF10021002,Whitespruce,,Short Beta,,,,,,,,,,,,,,,,,,,,,,,,,,,,,,,,,,,,,,,,,,,,,,,,,,,,,,,,,,,
Developed,KSBF10021002,Whitespruce,138,Beta Adj Exposure,90%,0%,0%,0%,0%,0%,0%,0%,0%,0%,0%,0%,0%,0%,0%,0%,0%,0%,0%,0%,0%,0%,0%,0%,0%,0%,0%,0%,0%,90%,0%,0%,0%,0%,0%,0%,0%,0%,0%,0%,0%,0%,0%,0%,0%,0%,0%,0%,0%,0%,0%,0%,0%,0%,0%,0%,0%,0%,0%
Developed,KSBF10023002,Whale Rock,,Long Exposure,,,,,,,,,100%,,,,,,,,,,,,,,,,,,,,,,,,,,,,,,,,,,,,,,,,,,,,,,,,,,
Developed,KSBF10023002,Whale Rock,,Long Beta,,,,,,,,,1,,,,,,,,,,,,,,,,,,,,,,,,,,,,,,,,,,,,,,,,,,,,,,,,,,
Developed,KSBF10023002,Whale Rock,,Short Exposure,,,,,,,,,,,,,,,,,,,,,,,,,,,,,,,,,,,,,,,,,,,,,,,,,,,,,,,,,,,
Developed,KSBF10023002,Whale Rock,,Short Beta,,,,,,,,,,,,,,,,,,,,,,,,,,,,,,,,,,,,,,,,,,,,,,,,,,,,,,,,,,,
Developed,KSBF10023002,Whale Rock,208.6,Beta Adj Exposure,100%,0%,0%,0%,0%,0%,0%,0%,100%,0%,0%,0%,0%,0%,0%,0%,0%,0%,0%,0%,0%,0%,0%,0%,0%,0%,0%,0%,0%,0%,0%,0%,0%,0%,0%,0%,0%,0%,0%,0%,0%,0%,0%,0%,0%,0%,0%,0%,0%,0%,0%,0%,0%,0%,0%,0%,0%,0%,0%
Developed,KSBF20018002,Kamus,,Long Exposure,,,,,,,,,,100%,,,,,,,,,,,,,,,,,,,,,,,,,,,,,,,,,,,,,,,,,,,,,,,,,
Developed,KSBF20018002,Kamus,,Long Beta,,,,,,,,,,1,,,,,,,,,,,,,,,,,,,,,,,,,,,,,,,,,,,,,,,,,,,,,,,,,
Developed,KSBF20018002,Kamus,,Short Exposure,,,,,,,,,,,,,,,,,,,,,,,,,,,,,,,,,,,,,,,,,,,,,,,,,,,,,,,,,,,
Developed,KSBF20018002,Kamus,,Short Beta,,,,,,,,,,,,,,,,,,,,,,,,,,,,,,,,,,,,,,,,,,,,,,,,,,,,,,,,,,,
Developed,KSBF20018002,Kamus,154.4,Beta Adj Exposure,100%,0%,0%,0%,0%,0%,0%,0%,0%,100%,0%,0%,0%,0%,0%,0%,0%,0%,0%,0%,0%,0%,0%,0%,0%,0%,0%,0%,0%,0%,0%,0%,0%,0%,0%,0%,0%,0%,0%,0%,0%,0%,0%,0%,0%,0%,0%,0%,0%,0%,0%,0%,0%,0%,0%,0%,0%,0%,0%
Developed,KSBF20019002,Dynamo,,Long Exposure,,25%,,,,,,20%,,,55%,,,,,,,,,,,,,,,,,,,,,,,,,,,,,,,,,,,,,,,,,,,,,,,,
Developed,KSBF20019002,Dynamo,,Long Beta,,1,,,,,,1,,,1,,,,,,,,,,,,,,,,,,,,,,,,,,,,,,,,,,,,,,,,,,,,,,,,
Developed,KSBF20019002,Dynamo,,Short Exposure,,,,,,,,,,,,,,,,,,,,,,,,,,,,,,,,,,,,,,,,,,,,,,,,,,,,,,,,,,,
Developed,KSBF20019002,Dynamo,,Short Beta,,,,,,,,,,,,,,,,,,,,,,,,,,,,,,,,,,,,,,,,,,,,,,,,,,,,,,,,,,,
Developed,KSBF20019002,Dynamo,75.5,Beta Adj Exposure,100%,25%,0%,0%,0%,0%,0%,20%,0%,0%,55%,0%,0%,0%,0%,0%,0%,0%,0%,0%,0%,0%,0%,0%,0%,0%,0%,0%,0%,0%,0%,0%,0%,0%,0%,0%,0%,0%,0%,0%,0%,0%,0%,0%,0%,0%,0%,0%,0%,0%,0%,0%,0%,0%,0%,0%,0%,0%,0%
Developed,KSBF30027002,Blacksheep,,Long Exposure,,,40%,,,,,,,,,60%,,,,,,,,,,,,,,,,,,,,,,,,,,,,,,,,,,,,,,,,,,,,,,,
Developed,KSBF30027002,Blacksheep,,Long Beta,,,1,,,,,,,,,1,,,,,,,,,,,,,,,,,,,,,,,,,,,,,,,,,,,,,,,,,,,,,,,
Developed,KSBF30027002,Blacksheep,,Short Exposure,,,,,,,,,,,,,,,,,,,,,,,,,,,,,,,,,,,,,,,,,,,,,,,,,,,,,,,,,,,
Developed,KSBF30027002,Blacksheep,,Short Beta,,,,,,,,,,,,,,,,,,,,,,,,,,,,,,,,,,,,,,,,,,,,,,,,,,,,,,,,,,,
Developed,KSBF30027002,Blacksheep,34,Beta Adj Exposure,100%,0%,40%,0%,0%,0%,0%,0%,0%,0%,0%,60%,0%,0%,0%,0%,0%,0%,0%,0%,0%,0%,0%,0%,0%,0%,0%,0%,0%,0%,0%,0%,0%,0%,0%,0%,0%,0%,0%,0%,0%,0%,0%,0%,0%,0%,0%,0%,0%,0%,0%,0%,0%,0%,0%,0%,0%,0%,0%
Developed,KSBF35011002,Cantillon,,Long Exposure,,,,,100%,,,,,,,,,,,,,,,,,,,,,,,,,,,,,,,,,,,,,,,,,,,,,,,,,,,,,,
Developed,KSBF35011002,Cantillon,,Long Beta,,,,,0.9,,,,,,,,,,,,,,,,,,,,,,,,,,,,,,,,,,,,,,,,,,,,,,,,,,,,,,
Developed,KSBF35011002,Cantillon,,Short Exposure,,,,,,,,,,,,,,,,,,,,,,,,,,,,,,,,,,,,,,,,,,,,,,,,,,,,,,,,,,,
Developed,KSBF35011002,Cantillon,,Short Beta,,,,,,,,,,,,,,,,,,,,,,,,,,,,,,,,,,,,,,,,,,,,,,,,,,,,,,,,,,,
Developed,KSBF35011002,Cantillon,151.5,Beta Adj Exposure,90%,0%,0%,0%,90%,0%,0%,0%,0%,0%,0%,0%,0%,0%,0%,0%,0%,0%,0%,0%,0%,0%,0%,0%,0%,0%,0%,0%,0%,0%,0%,0%,0%,0%,0%,0%,0%,0%,0%,0%,0%,0%,0%,0%,0%,0%,0%,0%,0%,0%,0%,0%,0%,0%,0%,0%,0%,0%,0%
Developed,KSBF35013002,Deccan,,Long Exposure,,,,,90%,,,,,,,,10%,,,,,,,,,,,,,,,,,,,,,,,,,,,,,,,,,,,,,,,,,,,,,,
Developed,KSBF35013002,Deccan,,Long Beta,,,,,1,,,,,,,,1,,,,,,,,,,,,,,,,,,,,,,,,,,,,,,,,,,,,,,,,,,,,,,
Developed,KSBF35013002,Deccan,,Short Exposure,,,,,,,,,,,,,,,,,,,,,,,,,,,,,,,,,,,,,,,,,,,,,,,,,,,,,,,,,,,
Developed,KSBF35013002,Deccan,,Short Beta,,,,,,,,,,,,,,,,,,,,,,,,,,,,,,,,,,,,,,,,,,,,,,,,,,,,,,,,,,,
Developed,KSBF35013002,Deccan,143.4,Beta Adj Exposure,100%,0%,0%,0%,90%,0%,0%,0%,0%,0%,0%,0%,10%,0%,0%,0%,0%,0%,0%,0%,0%,0%,0%,0%,0%,0%,0%,0%,0%,0%,0%,0%,0%,0%,0%,0%,0%,0%,0%,0%,0%,0%,0%,0%,0%,0%,0%,0%,0%,0%,0%,0%,0%,0%,0%,0%,0%,0%,0%
Developed,KSBF70010002,TCI,,Long Exposure,,,,,100%,,,,,,,,,,,,,,,,,,,,,,,,,,,,,,,,,,,,,,,,,,,,,,,,,,,,,,
Developed,KSBF70010002,TCI,,Long Beta,,,,,1,,,,,,,,,,,,,,,,,,,,,,,,,,,,,,,,,,,,,,,,,,,,,,,,,,,,,,
Developed,KSBF70010002,TCI,,Short Exposure,,,,,,,,,,,,,,,,,,,,,,,,,,,,,,,,,,,,,,,,,,,,,,,,,,,,,,,,,,,
Developed,KSBF70010002,TCI,,Short Beta,,,,,,,,,,,,,,,,,,,,,,,,,,,,,,,,,,,,,,,,,,,,,,,,,,,,,,,,,,,
Developed,KSBF70010002,TCI,306.7,Beta Adj Exposure,100%,0%,0%,0%,100%,0%,0%,0%,0%,0%,0%,0%,0%,0%,0%,0%,0%,0%,0%,0%,0%,0%,0%,0%,0%,0%,0%,0%,0%,0%,0%,0%,0%,0%,0%,0%,0%,0%,0%,0%,0%,0%,0%,0%,0%,0%,0%,0%,0%,0%,0%,0%,0%,0%,0%,0%,0%,0%,0%
Developed,KSBF70093002,Oasis,,Long Exposure,,,,,,,,,,,,,,130%,,,,,,,,,,,,,,,,,,,,,,,,,,,,,,,,,,,,,,,,,,,,,
Developed,KSBF70093002,Oasis,,Long Beta,,,,,,,,,,,,,,1,,,,,,,,,,,,,,,,,,,,,,,,,,,,,,,,,,,,,,,,,,,,,
Developed,KSBF70093002,Oasis,,Short Exposure,,,,,,,,,,,,,,30%,,,,,,,,,,,,,,,,,,,,,,,,,,,,,,,,,,,,,,,,,,,,,
Developed,KSBF70093002,Oasis,,Short Beta,,,,,,,,,,,,,,1,,,,,,,,,,,,,,,,,,,,,,,,,,,,,,,,,,,,,,,,,,,,,
Developed,KSBF70093002,Oasis,56.5,Beta Adj Exposure,100%,0%,0%,0%,0%,0%,0%,0%,0%,0%,0%,0%,0%,100%,0%,0%,0%,0%,0%,0%,0%,0%,0%,0%,0%,0%,0%,0%,0%,0%,0%,0%,0%,0%,0%,0%,0%,0%,0%,0%,0%,0%,0%,0%,0%,0%,0%,0%,0%,0%,0%,0%,0%,0%,0%,0%,0%,0%,0%
Developed,KSBF70076002,BVF,,Long Exposure,,,,,,,,,,,,,,,90%,,,,,,,,,,,,,,,,,,,,,,,,,,,,,,,,,,,,,,,,,,,,
Developed,KSBF70076002,BVF,,Long Beta,,,,,,,,,,,,,,,1,,,,,,,,,,,,,,,,,,,,,,,,,,,,,,,,,,,,,,,,,,,,
Developed,KSBF70076002,BVF,,Short Exposure,,,,,,,,,,,,,,,,,,,,,,,,,,,,,,,,,,,,,,,,,,,,,,,,,,,,,,,,,,,
Developed,KSBF70076002,BVF,,Short Beta,,,,,,,,,,,,,,,,,,,,,,,,,,,,,,,,,,,,,,,,,,,,,,,,,,,,,,,,,,,
Developed,KSBF70076002,BVF,343.2,Beta Adj Exposure,90%,0%,0%,0%,0%,0%,0%,0%,0%,0%,0%,0%,0%,0%,90%,0%,0%,0%,0%,0%,0%,0%,0%,0%,0%,0%,0%,0%,0%,0%,0%,0%,0%,0%,0%,0%,0%,0%,0%,0%,0%,0%,0%,0%,0%,0%,0%,0%,0%,0%,0%,0%,0%,0%,0%,0%,0%,0%,0%
Developed,KSBF15011102,Misc Equity,,Long Exposure,,,,100%,,,,,,,,,,,,,,,,,,,,,,,,,,,,,,,,,,,,,,,,,,,,,,,,,,,,,,,
Developed,KSBF15011102,Misc Equity,,Long Beta,,,,1,,,,,,,,,,,,,,,,,,,,,,,,,,,,,,,,,,,,,,,,,,,,,,,,,,,,,,,
Developed,KSBF15011102,Misc Equity,,Short Exposure,,,,,,,,,,,,,,,,,,,,,,,,,,,,,,,,,,,,,,,,,,,,,,,,,,,,,,,,,,,
Developed,KSBF15011102,Misc Equity,,Short Beta,,,,,,,,,,,,,,,,,,,,,,,,,,,,,,,,,,,,,,,,,,,,,,,,,,,,,,,,,,,
Developed,KSBF15011102,Misc Equity,0,Beta Adj Exposure,90%,0%,0%,100%,0%,0%,0%,0%,0%,0%,0%,0%,0%,0%,0%,0%,0%,0%,0%,0%,0%,0%,0%,0%,0%,0%,0%,0%,0%,0%,0%,0%,0%,0%,0%,0%,0%,0%,0%,0%,0%,0%,0%,0%,0%,0%,0%,0%,0%,0%,0%,0%,0%,0%,0%,0%,0%,0%,0%
Developed,KSBF20012002,Morgan Stanley Global,,Long Exposure,,,,,,,,,,,,,,,,,,,,,,,,,,,,,,,,,,,,,100%,,,,,,,,,,,,,,,,,,,,,,
Developed,KSBF20012002,Morgan Stanley Global,,Long Beta,,,,,,,,,,,,,,,,,,,,,,,,,,,,,,,,,,,,,1,,,,,,,,,,,,,,,,,,,,,,
Developed,KSBF20012002,Morgan Stanley Global,,Short Exposure,,,,,,,,,,,,,,,,,,,,,,,,,,,,,,,,,,,,,,,,,,,,,,,,,,,,,,,,,,,
Developed,KSBF20012002,Morgan Stanley Global,,Short Beta,,,,,,,,,,,,,,,,,,,,,,,,,,,,,,,,,,,,,,,,,,,,,,,,,,,,,,,,,,,
Developed,KSBF20012002,Morgan Stanley Global,0.1,Beta Adj Exposure,90%,0%,0%,0%,0%,0%,0%,0%,0%,0%,0%,0%,0%,0%,0%,0%,0%,0%,0%,0%,0%,0%,0%,0%,0%,0%,0%,0%,0%,0%,0%,0%,0%,0%,0%,0%,100%,0%,0%,0%,0%,0%,0%,0%,0%,0%,0%,0%,0%,0%,0%,0%,0%,0%,0%,0%,0%,0%,0%
Developed,KSBF35010002,IVA LLC,,Long Exposure,,,,100%,,,,,,,,,,,,,,,,,,,,,,,,,,,,,,,,,,,,,,,,,,,,,,,,,,,,,,,
Developed,KSBF35010002,IVA LLC,,Long Beta,,,,1,,,,,,,,,,,,,,,,,,,,,,,,,,,,,,,,,,,,,,,,,,,,,,,,,,,,,,,
Developed,KSBF35010002,IVA LLC,,Short Exposure,,,,,,,,,,,,,,,,,,,,,,,,,,,,,,,,,,,,,,,,,,,,,,,,,,,,,,,,,,,
Developed,KSBF35010002,IVA LLC,,Short Beta,,,,,,,,,,,,,,,,,,,,,,,,,,,,,,,,,,,,,,,,,,,,,,,,,,,,,,,,,,,
Developed,KSBF35010002,IVA LLC,0,Beta Adj Exposure,90%,0%,0%,100%,0%,0%,0%,0%,0%,0%,0%,0%,0%,0%,0%,0%,0%,0%,0%,0%,0%,0%,0%,0%,0%,0%,0%,0%,0%,0%,0%,0%,0%,0%,0%,0%,0%,0%,0%,0%,0%,0%,0%,0%,0%,0%,0%,0%,0%,0%,0%,0%,0%,0%,0%,0%,0%,0%,0%
Absolute Return,KSBF70011002,Baupost,,Long Exposure,,30%,,,,,,,,,,,,,,55%,15%,,,,,,,,,,,,,,,,,,,,,,,,,,,,,,,,,,,,,,,,,,
Absolute Return,KSBF70011002,Baupost,,Long Beta,,1,,,,,,,,,,,,,,0.5,1,,,,,,,,,,,,,,,,,,,,,,,,,,,,,,,,,,,,,,,,,,
Absolute Return,KSBF70011002,Baupost,,Short Exposure,,,,,,,,,,,,,,,,,,,,,,,,,,,,,,,,,,,,,,,,,,,,,,,,,,,,,,,,,,,
Absolute Return,KSBF70011002,Baupost,,Short Beta,,,,,,,,,,,,,,,,,,,,,,,,,,,,,,,,,,,,,,,,,,,,,,,,,,,,,,,,,,,
Absolute Return,KSBF70011002,Baupost,122.5,Beta Adj Exposure,73%,30%,0%,0%,0%,0%,0%,0%,0%,0%,0%,0%,0%,0%,0%,28%,15%,0%,0%,0%,0%,0%,0%,0%,0%,0%,0%,0%,0%,0%,0%,0%,0%,0%,0%,0%,0%,0%,0%,0%,0%,0%,0%,0%,0%,0%,0%,0%,0%,0%,0%,0%,0%,0%,0%,0%,0%,0%,0%
Absolute Return,KSBF70081002,Altimeter,,Long Exposure,,,,,,,,,,,,,,,,,,,67%,33%,,,,,,,,,,,,,,,,,,,,,,,,,,,,,,,,,,,,,,,
Absolute Return,KSBF70081002,Altimeter,,Long Beta,,,,,,,,,,,,,,,,,,,1,1,,,,,,,,,,,,,,,,,,,,,,,,,,,,,,,,,,,,,,,
Absolute Return,KSBF70081002,Altimeter,,Short Exposure,,,,,,,,,,,,,,,,,,,20%,10%,,,,,,,,,,,,,,,,,,,,,,,,,,,,,,,,,,,,,,,
Absolute Return,KSBF70081002,Altimeter,,Short Beta,,,,,,,,,,,,,,,,,,,1,1,,,,,,,,,,,,,,,,,,,,,,,,,,,,,,,,,,,,,,,
Absolute Return,KSBF70081002,Altimeter,150.1,Beta Adj Exposure,70%,0%,0%,0%,0%,0%,0%,0%,0%,0%,0%,0%,0%,0%,0%,0%,0%,0%,47%,23%,0%,0%,0%,0%,0%,0%,0%,0%,0%,0%,0%,0%,0%,0%,0%,0%,0%,0%,0%,0%,0%,0%,0%,0%,0%,0%,0%,0%,0%,0%,0%,0%,0%,0%,0%,0%,0%,0%,0%
Absolute Return,KSBF70085002,Perceptive,,Long Exposure,,,,,,,,,,,,,,,130%,,,,,,,,,,,,,,,,,,,,,,,,,,,,,,,,,,,,,,,,,,,,
Absolute Return,KSBF70085002,Perceptive,,Long Beta,,,,,,,,,,,,,,,1,,,,,,,,,,,,,,,,,,,,,,,,,,,,,,,,,,,,,,,,,,,,
Absolute Return,KSBF70085002,Perceptive,,Short Exposure,,,,,,,,,,,,,,,40%,,,,,,,,,,,,,,,,,,,,,,,,,,,,,,,,,,,,,,,,,,,,
Absolute Return,KSBF70085002,Perceptive,,Short Beta,,,,,,,,,,,,,,,1,,,,,,,,,,,,,,,,,,,,,,,,,,,,,,,,,,,,,,,,,,,,
Absolute Return,KSBF70085002,Perceptive,140.2,Beta Adj Exposure,90%,0%,0%,0%,0%,0%,0%,0%,0%,0%,0%,0%,0%,0%,90%,0%,0%,0%,0%,0%,0%,0%,0%,0%,0%,0%,0%,0%,0%,0%,0%,0%,0%,0%,0%,0%,0%,0%,0%,0%,0%,0%,0%,0%,0%,0%,0%,0%,0%,0%,0%,0%,0%,0%,0%,0%,0%,0%,0%
Absolute Return,KSBF70016002,Farallon,,Long Exposure,,,,100%,,,,,,,,,,,,,,,,,,,,,,,,,,,,,,,,,,,,,,,,,,,,,,,,,,,,,,,
Absolute Return,KSBF70016002,Farallon,,Long Beta,,,,0.3,,,,,,,,,,,,,,,,,,,,,,,,,,,,,,,,,,,,,,,,,,,,,,,,,,,,,,,
Absolute Return,KSBF70016002,Farallon,,Short Exposure,,,,,,,,,,,,,,,,,,,,,,,,,,,,,,,,,,,,,,,,,,,,,,,,,,,,,,,,,,,
Absolute Return,KSBF70016002,Farallon,,Short Beta,,,,,,,,,,,,,,,,,,,,,,,,,,,,,,,,,,,,,,,,,,,,,,,,,,,,,,,,,,,
Absolute Return,KSBF70016002,Farallon,135.5,Beta Adj Exposure,30%,0%,0%,30%,0%,0%,0%,0%,0%,0%,0%,0%,0%,0%,0%,0%,0%,0%,0%,0%,0%,0%,0%,0%,0%,0%,0%,0%,0%,0%,0%,0%,0%,0%,0%,0%,0%,0%,0%,0%,0%,0%,0%,0%,0%,0%,0%,0%,0%,0%,0%,0%,0%,0%,0%,0%,0%,0%,0%
Absolute Return,KSBF70032002,Steadfast,,Long Exposure,,,40%,,,,,,,,,,,,,,,,,,,,,,,,,,,,,,,,,,,,,,,,,,,,,,,,,,,,,,,,
Absolute Return,KSBF70032002,Steadfast,,Long Beta,,,1,,,,,,,,,,,,,,,,,,,,,,,,,,,,,,,,,,,,,,,,,,,,,,,,,,,,,,,,
Absolute Return,KSBF70032002,Steadfast,,Short Exposure,,,,,,,,,,,,,,,,,,,,,,,,,,,,,,,,,,,,,,,,,,,,,,,,,,,,,,,,,,,
Absolute Return,KSBF70032002,Steadfast,,Short Beta,,,,,,,,,,,,,,,,,,,,,,,,,,,,,,,,,,,,,,,,,,,,,,,,,,,,,,,,,,,
Absolute Return,KSBF70032002,Steadfast,136.1,Beta Adj Exposure,40%,0%,40%,0%,0%,0%,0%,0%,0%,0%,0%,0%,0%,0%,0%,0%,0%,0%,0%,0%,0%,0%,0%,0%,0%,0%,0%,0%,0%,0%,0%,0%,0%,0%,0%,0%,0%,0%,0%,0%,0%,0%,0%,0%,0%,0%,0%,0%,0%,0%,0%,0%,0%,0%,0%,0%,0%,0%,0%
Absolute Return,KSBF70068002,WAMCO,,Long Exposure,,,,,,,,,,,,,,,,,,,,,100%,,,,,,,,,,,,,,,,,,,,,,,,,,,,,,,,,,,,,,
Absolute Return,KSBF70068002,WAMCO,,Long Beta,,,,,,,,,,,,,,,,,,,,,1,,,,,,,,,,,,,,,,,,,,,,,,,,,,,,,,,,,,,,
Absolute Return,KSBF70068002,WAMCO,,Short Exposure,,,,,,,,,,,,,,,,,,,,,,,,,,,,,,,,,,,,,,,,,,,,,,,,,,,,,,,,,,,
Absolute Return,KSBF70068002,WAMCO,,Short Beta,,,,,,,,,,,,,,,,,,,,,,,,,,,,,,,,,,,,,,,,,,,,,,,,,,,,,,,,,,,
Absolute Return,KSBF70068002,WAMCO,133.1,Beta Adj Exposure,100%,0%,0%,0%,0%,0%,0%,0%,0%,0%,0%,0%,0%,0%,0%,0%,0%,0%,0%,0%,100%,0%,0%,0%,0%,0%,0%,0%,0%,0%,0%,0%,0%,0%,0%,0%,0%,0%,0%,0%,0%,0%,0%,0%,0%,0%,0%,0%,0%,0%,0%,0%,0%,0%,0%,0%,0%,0%,0%
Absolute Return,KSBF70039002,Bridgewater Pure,,Long Exposure,,100%,,,,,,,,,,,,,,,,,,,,,,,,,,,,,,,,,,,,,,,,,,,,,,,,,,,,,,,,,
Absolute Return,KSBF70039002,Bridgewater Pure,,Long Beta,,1,,,,,,,,,,,,,,,,,,,,,,,,,,,,,,,,,,,,,,,,,,,,,,,,,,,,,,,,,
Absolute Return,KSBF70039002,Bridgewater Pure,,Short Exposure,,,,,,,,,,,,,,,,,,,,,,,,,,,,,,,,,,,,,,,,,,,,,,,,,,,,,,,,,,,
Absolute Return,KSBF70039002,Bridgewater Pure,,Short Beta,,,,,,,,,,,,,,,,,,,,,,,,,,,,,,,,,,,,,,,,,,,,,,,,,,,,,,,,,,,
Absolute Return,KSBF70039002,Bridgewater Pure,54.3,Beta Adj Exposure,100%,100%,0%,0%,0%,0%,0%,0%,0%,0%,0%,0%,0%,0%,0%,0%,0%,0%,0%,0%,0%,0%,0%,0%,0%,0%,0%,0%,0%,0%,0%,0%,0%,0%,0%,0%,0%,0%,0%,0%,0%,0%,0%,0%,0%,0%,0%,0%,0%,0%,0%,0%,0%,0%,0%,0%,0%,0%,0%
Absolute Return,KSBF60012102,Bridgewater Pure,,Long Exposure,,100%,,,,,,,,,,,,,,,,,,,,,,,,,,,,,,,,,,,,,,,,,,,,,,,,,,,,,,,,,
Absolute Return,KSBF60012102,Bridgewater Pure,,Long Beta,,1,,,,,,,,,,,,,,,,,,,,,,,,,,,,,,,,,,,,,,,,,,,,,,,,,,,,,,,,,
Absolute Return,KSBF60012102,Bridgewater Pure,,Short Exposure,,,,,,,,,,,,,,,,,,,,,,,,,,,,,,,,,,,,,,,,,,,,,,,,,,,,,,,,,,,
Absolute Return,KSBF60012102,Bridgewater Pure,,Short Beta,,,,,,,,,,,,,,,,,,,,,,,,,,,,,,,,,,,,,,,,,,,,,,,,,,,,,,,,,,,
Absolute Return,KSBF60012102,Bridgewater Pure,127.2,Beta Adj Exposure,100%,100%,0%,0%,0%,0%,0%,0%,0%,0%,0%,0%,0%,0%,0%,0%,0%,0%,0%,0%,0%,0%,0%,0%,0%,0%,0%,0%,0%,0%,0%,0%,0%,0%,0%,0%,0%,0%,0%,0%,0%,0%,0%,0%,0%,0%,0%,0%,0%,0%,0%,0%,0%,0%,0%,0%,0%,0%,0%
Absolute Return,KSBF70086002,Alphadyne,,Long Exposure,,100%,,,,,,,,,,,,,,,,,,,,,,,,,,,,,,,,,,,,,,,,,,,,,,,,,,,,,,,,,
Absolute Return,KSBF70086002,Alphadyne,,Long Beta,,1,,,,,,,,,,,,,,,,,,,,,,,,,,,,,,,,,,,,,,,,,,,,,,,,,,,,,,,,,
Absolute Return,KSBF70086002,Alphadyne,,Short Exposure,,,,,,,,,,,,,,,,,,,,,,,,,,,,,,,,,,,,,,,,,,,,,,,,,,,,,,,,,,,
Absolute Return,KSBF70086002,Alphadyne,,Short Beta,,,,,,,,,,,,,,,,,,,,,,,,,,,,,,,,,,,,,,,,,,,,,,,,,,,,,,,,,,,
Absolute Return,KSBF70086002,Alphadyne,108.8,Beta Adj Exposure,100%,100%,0%,0%,0%,0%,0%,0%,0%,0%,0%,0%,0%,0%,0%,0%,0%,0%,0%,0%,0%,0%,0%,0%,0%,0%,0%,0%,0%,0%,0%,0%,0%,0%,0%,0%,0%,0%,0%,0%,0%,0%,0%,0%,0%,0%,0%,0%,0%,0%,0%,0%,0%,0%,0%,0%,0%,0%,0%
Absolute Return,KSBF70087002,SEGANTII,,Long Exposure,,100%,,,,,,,,,,,,,,,,,,,,,,,,,,,,,,,,,,,,,,,,,,,,,,,,,,,,,,,,,
Absolute Return,KSBF70087002,SEGANTII,,Long Beta,,1,,,,,,,,,,,,,,,,,,,,,,,,,,,,,,,,,,,,,,,,,,,,,,,,,,,,,,,,,
Absolute Return,KSBF70087002,SEGANTII,,Short Exposure,,,,,,,,,,,,,,,,,,,,,,,,,,,,,,,,,,,,,,,,,,,,,,,,,,,,,,,,,,,
Absolute Return,KSBF70087002,SEGANTII,,Short Beta,,,,,,,,,,,,,,,,,,,,,,,,,,,,,,,,,,,,,,,,,,,,,,,,,,,,,,,,,,,
Absolute Return,KSBF70087002,SEGANTII,102.4,Beta Adj Exposure,100%,100%,0%,0%,0%,0%,0%,0%,0%,0%,0%,0%,0%,0%,0%,0%,0%,0%,0%,0%,0%,0%,0%,0%,0%,0%,0%,0%,0%,0%,0%,0%,0%,0%,0%,0%,0%,0%,0%,0%,0%,0%,0%,0%,0%,0%,0%,0%,0%,0%,0%,0%,0%,0%,0%,0%,0%,0%,0%
Absolute Return,KSBF70057002,Camber,,Long Exposure,,,,,,,,,,,,,,,,,,,,,,,,,,35%,,,,,,,,,,,,,,,,,,,,,,,,,,,,,,,,,
Absolute Return,KSBF70057002,Camber,,Long Beta,,,,,,,,,,,,,,,,,,,,,,,,,,1,,,,,,,,,,,,,,,,,,,,,,,,,,,,,,,,,
Absolute Return,KSBF70057002,Camber,,Short Exposure,,,,,,,,,,,,,,,,,,,,,,,,,,,,,,,,,,,,,,,,,,,,,,,,,,,,,,,,,,,
Absolute Return,KSBF70057002,Camber,,Short Beta,,,,,,,,,,,,,,,,,,,,,,,,,,,,,,,,,,,,,,,,,,,,,,,,,,,,,,,,,,,
Absolute Return,KSBF70057002,Camber,101.8,Beta Adj Exposure,35%,0%,0%,0%,0%,0%,0%,0%,0%,0%,0%,0%,0%,0%,0%,0%,0%,0%,0%,0%,0%,0%,0%,0%,0%,35%,0%,0%,0%,0%,0%,0%,0%,0%,0%,0%,0%,0%,0%,0%,0%,0%,0%,0%,0%,0%,0%,0%,0%,0%,0%,0%,0%,0%,0%,0%,0%,0%,0%
Absolute Return,KSBF70045002,Doubleline Flexible Income,,Long Exposure,,,,,,,,,,,,,,,,,,100%,,,,,,,,,,,,,,,,,,,,,,,,,,,,,,,,,,,,,,,,,
Absolute Return,KSBF70045002,Doubleline Flexible Income,,Long Beta,,,,,,,,,,,,,,,,,,1,,,,,,,,,,,,,,,,,,,,,,,,,,,,,,,,,,,,,,,,,
Absolute Return,KSBF70045002,Doubleline Flexible Income,,Short Exposure,,,,,,,,,,,,,,,,,,,,,,,,,,,,,,,,,,,,,,,,,,,,,,,,,,,,,,,,,,,
Absolute Return,KSBF70045002,Doubleline Flexible Income,,Short Beta,,,,,,,,,,,,,,,,,,,,,,,,,,,,,,,,,,,,,,,,,,,,,,,,,,,,,,,,,,,
Absolute Return,KSBF70045002,Doubleline Flexible Income,167.9,Beta Adj Exposure,100%,0%,0%,0%,0%,0%,0%,0%,0%,0%,0%,0%,0%,0%,0%,0%,0%,100%,0%,0%,0%,0%,0%,0%,0%,0%,0%,0%,0%,0%,0%,0%,0%,0%,0%,0%,0%,0%,0%,0%,0%,0%,0%,0%,0%,0%,0%,0%,0%,0%,0%,0%,0%,0%,0%,0%,0%,0%,0%
Absolute Return,KSBF70084002,Soma Partners,,Long Exposure,,,,,,,,,100%,,,,,,,,,,,,,,,,,,,,,,,,,,,,,,,,,,,,,,,,,,,,,,,,,,
Absolute Return,KSBF70084002,Soma Partners,,Long Beta,,,,,,,,,0.65,,,,,,,,,,,,,,,,,,,,,,,,,,,,,,,,,,,,,,,,,,,,,,,,,,
Absolute Return,KSBF70084002,Soma Partners,,Short Exposure,,,,,,,,,,,,,,,,,,,,,,,,,,,,,,,,,,,,,,,,,,,,,,,,,,,,,,,,,,,
Absolute Return,KSBF70084002,Soma Partners,,Short Beta,,,,,,,,,,,,,,,,,,,,,,,,,,,,,,,,,,,,,,,,,,,,,,,,,,,,,,,,,,,
Absolute Return,KSBF70084002,Soma Partners,105.4,Beta Adj Exposure,65%,0%,0%,0%,0%,0%,0%,0%,65%,0%,0%,0%,0%,0%,0%,0%,0%,0%,0%,0%,0%,0%,0%,0%,0%,0%,0%,0%,0%,0%,0%,0%,0%,0%,0%,0%,0%,0%,0%,0%,0%,0%,0%,0%,0%,0%,0%,0%,0%,0%,0%,0%,0%,0%,0%,0%,0%,0%,0%
Absolute Return,KSBF70050002,Capstone Volatility,,Long Exposure,,100%,,,,,,,,,,,,,,,,,,,,,,,,,,,,,,,,,,,,,,,,,,,,,,,,,,,,,,,,,
Absolute Return,KSBF70050002,Capstone Volatility,,Long Beta,,1,,,,,,,,,,,,,,,,,,,,,,,,,,,,,,,,,,,,,,,,,,,,,,,,,,,,,,,,,
Absolute Return,KSBF70050002,Capstone Volatility,,Short Exposure,,,,,,,,,,,,,,,,,,,,,,,,,,,,,,,,,,,,,,,,,,,,,,,,,,,,,,,,,,,
Absolute Return,KSBF70050002,Capstone Volatility,,Short Beta,,,,,,,,,,,,,,,,,,,,,,,,,,,,,,,,,,,,,,,,,,,,,,,,,,,,,,,,,,,
Absolute Return,KSBF70050002,Capstone Volatility,87.1,Beta Adj Exposure,100%,100%,0%,0%,0%,0%,0%,0%,0%,0%,0%,0%,0%,0%,0%,0%,0%,0%,0%,0%,0%,0%,0%,0%,0%,0%,0%,0%,0%,0%,0%,0%,0%,0%,0%,0%,0%,0%,0%,0%,0%,0%,0%,0%,0%,0%,0%,0%,0%,0%,0%,0%,0%,0%,0%,0%,0%,0%,0%
Absolute Return,KSBF70090002,CANDLESTICK,,Long Exposure,,,,,,,,,,,,,,,,,,,,,,58%,58%,,,,,,,,,,,,,,,,,,,,,,,,,,,,,,,,,,,,
Absolute Return,KSBF70090002,CANDLESTICK,,Long Beta,,,,,,,,,,,,,,,,,,,,,,1,1,,,,,,,,,,,,,,,,,,,,,,,,,,,,,,,,,,,,
Absolute Return,KSBF70090002,CANDLESTICK,,Short Exposure,,,,,,,,,,,,,,,,,,,,,,50%,50%,,,,,,,,,,,,,,,,,,,,,,,,,,,,,,,,,,,,
Absolute Return,KSBF70090002,CANDLESTICK,,Short Beta,,,,,,,,,,,,,,,,,,,,,,1,1,,,,,,,,,,,,,,,,,,,,,,,,,,,,,,,,,,,,
Absolute Return,KSBF70090002,CANDLESTICK,100.3,Beta Adj Exposure,15%,0%,0%,0%,0%,0%,0%,0%,0%,0%,0%,0%,0%,0%,0%,0%,0%,0%,0%,0%,0%,8%,8%,0%,0%,0%,0%,0%,0%,0%,0%,0%,0%,0%,0%,0%,0%,0%,0%,0%,0%,0%,0%,0%,0%,0%,0%,0%,0%,0%,0%,0%,0%,0%,0%,0%,0%,0%,0%
Absolute Return,KSBF70083102,Abrams,,Long Exposure,,20%,,,,,,,,,,,,,,70%,10%,,,,,,,,,,,,,,,,,,,,,,,,,,,,,,,,,,,,,,,,,,
Absolute Return,KSBF70083102,Abrams,,Long Beta,,1,,,,,,,,,,,,,,1,1,,,,,,,,,,,,,,,,,,,,,,,,,,,,,,,,,,,,,,,,,,
Absolute Return,KSBF70083102,Abrams,,Short Exposure,,,,,,,,,,,,,,,,,,,,,,,,,,,,,,,,,,,,,,,,,,,,,,,,,,,,,,,,,,,
Absolute Return,KSBF70083102,Abrams,,Short Beta,,,,,,,,,,,,,,,,,,,,,,,,,,,,,,,,,,,,,,,,,,,,,,,,,,,,,,,,,,,
Absolute Return,KSBF70083102,Abrams,74.7,Beta Adj Exposure,100%,20%,0%,0%,0%,0%,0%,0%,0%,0%,0%,0%,0%,0%,0%,70%,10%,0%,0%,0%,0%,0%,0%,0%,0%,0%,0%,0%,0%,0%,0%,0%,0%,0%,0%,0%,0%,0%,0%,0%,0%,0%,0%,0%,0%,0%,0%,0%,0%,0%,0%,0%,0%,0%,0%,0%,0%,0%,0%
Absolute Return,KSBF70078002,Dorsal,,Long Exposure,,,,,,,,,12%,,,,,,,,,,,,,,,,,,,,,,,,,,,,,,,,,,,,,,,,,,,,,,,,,,
Absolute Return,KSBF70078002,Dorsal,,Long Beta,,,,,,,,,1,,,,,,,,,,,,,,,,,,,,,,,,,,,,,,,,,,,,,,,,,,,,,,,,,,
Absolute Return,KSBF70078002,Dorsal,,Short Exposure,,,,,,,,,,,,,,,,,,,,,,,,,,,,,,,,,,,,,,,,,,,,,,,,,,,,,,,,,,,
Absolute Return,KSBF70078002,Dorsal,,Short Beta,,,,,,,,,,,,,,,,,,,,,,,,,,,,,,,,,,,,,,,,,,,,,,,,,,,,,,,,,,,
Absolute Return,KSBF70078002,Dorsal,70.9,Beta Adj Exposure,12%,0%,0%,0%,0%,0%,0%,0%,12%,0%,0%,0%,0%,0%,0%,0%,0%,0%,0%,0%,0%,0%,0%,0%,0%,0%,0%,0%,0%,0%,0%,0%,0%,0%,0%,0%,0%,0%,0%,0%,0%,0%,0%,0%,0%,0%,0%,0%,0%,0%,0%,0%,0%,0%,0%,0%,0%,0%,0%
Absolute Return,KSBF70094002,Alua,,Long Exposure,,,,,,,,,,,,,,,,,,,,,,,,95%,,,,,,,,,,,,,,,,,,,,,,,,,,,,,,,,,,,
Absolute Return,KSBF70094002,Alua,,Long Beta,,,,,,,,,,,,,,,,,,,,,,,,1,,,,,,,,,,,,,,,,,,,,,,,,,,,,,,,,,,,
Absolute Return,KSBF70094002,Alua,,Short Exposure,,,,,,,,,,,,,,,,,,,,,,,,35%,,,,,,,,,,,,,,,,,,,,,,,,,,,,,,,,,,,
Absolute Return,KSBF70094002,Alua,,Short Beta,,,,,,,,,,,,,,,,,,,,,,,,1,,,,,,,,,,,,,,,,,,,,,,,,,,,,,,,,,,,
Absolute Return,KSBF70094002,Alua,55.8,Beta Adj Exposure,60%,0%,0%,0%,0%,0%,0%,0%,0%,0%,0%,0%,0%,0%,0%,0%,0%,0%,0%,0%,0%,0%,0%,60%,0%,0%,0%,0%,0%,0%,0%,0%,0%,0%,0%,0%,0%,0%,0%,0%,0%,0%,0%,0%,0%,0%,0%,0%,0%,0%,0%,0%,0%,0%,0%,0%,0%,0%,0%
Absolute Return,KSBF70091002,Trivest,,Long Exposure,,,,,,,,,,,,,,,,,,,,,,,,,70%,,,,,,,,,,,,,,,,,,,,,,,,,,,,,,,,,,
Absolute Return,KSBF70091002,Trivest,,Long Beta,,,,,,,,,,,,,,,,,,,,,,,,,1,,,,,,,,,,,,,,,,,,,,,,,,,,,,,,,,,,
Absolute Return,KSBF70091002,Trivest,,Short Exposure,,,,,,,,,,,,,,,,,,,,,,,,,20%,,,,,,,,,,,,,,,,,,,,,,,,,,,,,,,,,,
Absolute Return,KSBF70091002,Trivest,,Short Beta,,,,,,,,,,,,,,,,,,,,,,,,,1,,,,,,,,,,,,,,,,,,,,,,,,,,,,,,,,,,
Absolute Return,KSBF70091002,Trivest,59.5,Beta Adj Exposure,50%,0%,0%,0%,0%,0%,0%,0%,0%,0%,0%,0%,0%,0%,0%,0%,0%,0%,0%,0%,0%,0%,0%,0%,50%,0%,0%,0%,0%,0%,0%,0%,0%,0%,0%,0%,0%,0%,0%,0%,0%,0%,0%,0%,0%,0%,0%,0%,0%,0%,0%,0%,0%,0%,0%,0%,0%,0%,0%
Absolute Return,KSBF70089002,RIEF,,Long Exposure,,,,100%,,,,,,,,,,,,,,,,,,,,,,,,,,,,,,,,,,,,,,,,,,,,,,,,,,,,,,,
Absolute Return,KSBF70089002,RIEF,,Long Beta,,,,0.3,,,,,,,,,,,,,,,,,,,,,,,,,,,,,,,,,,,,,,,,,,,,,,,,,,,,,,,
Absolute Return,KSBF70089002,RIEF,,Short Exposure,,,,,,,,,,,,,,,,,,,,,,,,,,,,,,,,,,,,,,,,,,,,,,,,,,,,,,,,,,,
Absolute Return,KSBF70089002,RIEF,,Short Beta,,,,,,,,,,,,,,,,,,,,,,,,,,,,,,,,,,,,,,,,,,,,,,,,,,,,,,,,,,,
Absolute Return,KSBF70089002,RIEF,47.3,Beta Adj Exposure,30%,0%,0%,30%,0%,0%,0%,0%,0%,0%,0%,0%,0%,0%,0%,0%,0%,0%,0%,0%,0%,0%,0%,0%,0%,0%,0%,0%,0%,0%,0%,0%,0%,0%,0%,0%,0%,0%,0%,0%,0%,0%,0%,0%,0%,0%,0%,0%,0%,0%,0%,0%,0%,0%,0%,0%,0%,0%,0%
Absolute Return,KSBF70092002,Citadel,,Long Exposure,,100%,,,,,,,,,,,,,,,,,,,,,,,,,,,,,,,,,,,,,,,,,,,,,,,,,,,,,,,,,
Absolute Return,KSBF70092002,Citadel,,Long Beta,,1,,,,,,,,,,,,,,,,,,,,,,,,,,,,,,,,,,,,,,,,,,,,,,,,,,,,,,,,,
Absolute Return,KSBF70092002,Citadel,,Short Exposure,,,,,,,,,,,,,,,,,,,,,,,,,,,,,,,,,,,,,,,,,,,,,,,,,,,,,,,,,,,
Absolute Return,KSBF70092002,Citadel,,Short Beta,,,,,,,,,,,,,,,,,,,,,,,,,,,,,,,,,,,,,,,,,,,,,,,,,,,,,,,,,,,
Absolute Return,KSBF70092002,Citadel,50,Beta Adj Exposure,100%,100%,0%,0%,0%,0%,0%,0%,0%,0%,0%,0%,0%,0%,0%,0%,0%,0%,0%,0%,0%,0%,0%,0%,0%,0%,0%,0%,0%,0%,0%,0%,0%,0%,0%,0%,0%,0%,0%,0%,0%,0%,0%,0%,0%,0%,0%,0%,0%,0%,0%,0%,0%,0%,0%,0%,0%,0%,0%
Absolute Return,KSBF70097002,Laurion,,Long Exposure,,,,155%,,,,,,,,,,,,,,,,,,,,,,,,,,,,,,,,,,,,,,,,,,,,,,,,,,,,,,,
Absolute Return,KSBF70097002,Laurion,,Long Beta,,,,1,,,,,,,,,,,,,,,,,,,,,,,,,,,,,,,,,,,,,,,,,,,,,,,,,,,,,,,
Absolute Return,KSBF70097002,Laurion,,Short Exposure,,,,145%,,,,,,,,,,,,,,,,,,,,,,,,,,,,,,,,,,,,,,,,,,,,,,,,,,,,,,,
Absolute Return,KSBF70097002,Laurion,,Short Beta,,,,1,,,,,,,,,,,,,,,,,,,,,,,,,,,,,,,,,,,,,,,,,,,,,,,,,,,,,,,
Absolute Return,KSBF70097002,Laurion,75,Beta Adj Exposure,10%,0%,0%,10%,0%,0%,0%,0%,0%,0%,0%,0%,0%,0%,0%,0%,0%,0%,0%,0%,0%,0%,0%,0%,0%,0%,0%,0%,0%,0%,0%,0%,0%,0%,0%,0%,0%,0%,0%,0%,0%,0%,0%,0%,0%,0%,0%,0%,0%,0%,0%,0%,0%,0%,0%,0%,0%,0%,0%
Absolute Return,KSBF70046002,Marshall Wace,,Long Exposure,,,,,,,,,,,,,,,,,,,,,,,,,,,,,,,,,,,,,,,,,,,,,,,,,,,,,,,,,,,
Absolute Return,KSBF70046002,Marshall Wace,,Long Beta,,,,,,,,,,,,,,,,,,,,,,,,,,,,,,,,,,,,,,,,,,,,,,,,,,,,,,,,,,,
Absolute Return,KSBF70046002,Marshall Wace,,Short Exposure,,,,,,,,,,,,,,,,,,,,,,,,,,,,,,,,,,,,,,,,,,,,,,,,,,,,,,,,,,,
Absolute Return,KSBF70046002,Marshall Wace,,Short Beta,,,,,,,,,,,,,,,,,,,,,,,,,,,,,,,,,,,,,,,,,,,,,,,,,,,,,,,,,,,
Absolute Return,KSBF70046002,Marshall Wace,0,Beta Adj Exposure,0%,0%,0%,0%,0%,0%,0%,0%,0%,0%,0%,0%,0%,0%,0%,0%,0%,0%,0%,0%,0%,0%,0%,0%,0%,0%,0%,0%,0%,0%,0%,0%,0%,0%,0%,0%,0%,0%,0%,0%,0%,0%,0%,0%,0%,0%,0%,0%,0%,0%,0%,0%,0%,0%,0%,0%,0%,0%,0%
Absolute Return,KSBF70095002,Melvin,,Long Exposure,,,,,,,,,66%,,,,,,,,,,,,,99%,,,,,,,,,,,,,,,,,,,,,,,,,,,,,,,,,,,,,
Absolute Return,KSBF70095002,Melvin,,Long Beta,,,,,,,,,1,,,,,,,,,,,,,1,,,,,,,,,,,,,,,,,,,,,,,,,,,,,,,,,,,,,
Absolute Return,KSBF70095002,Melvin,,Short Exposure,,,,,,,,,40%,,,,,,,,,,,,,60%,,,,,,,,,,,,,,,,,,,,,,,,,,,,,,,,,,,,,
Absolute Return,KSBF70095002,Melvin,,Short Beta,,,,,,,,,1,,,,,,,,,,,,,1,,,,,,,,,,,,,,,,,,,,,,,,,,,,,,,,,,,,,
Absolute Return,KSBF70095002,Melvin,70,Beta Adj Exposure,65%,0%,0%,0%,0%,0%,0%,0%,26%,0%,0%,0%,0%,0%,0%,0%,0%,0%,0%,0%,0%,39%,0%,0%,0%,0%,0%,0%,0%,0%,0%,0%,0%,0%,0%,0%,0%,0%,0%,0%,0%,0%,0%,0%,0%,0%,0%,0%,0%,0%,0%,0%,0%,0%,0%,0%,0%,0%,0%
Absolute Return,KSBF70053102,CQS,,Long Exposure,,20%,,20%,,,,,,,,,,,,,60%,,,,,,,,,,,,,,,,,,,,,,,,,,,,,,,,,,,,,,,,,,
Absolute Return,KSBF70053102,CQS,,Long Beta,,1,,1,,,,,,,,,,,,,1,,,,,,,,,,,,,,,,,,,,,,,,,,,,,,,,,,,,,,,,,,
Absolute Return,KSBF70053102,CQS,,Short Exposure,,,,,,,,,,,,,,,,,,,,,,,,,,,,,,,,,,,,,,,,,,,,,,,,,,,,,,,,,,,
Absolute Return,KSBF70053102,CQS,,Short Beta,,,,,,,,,,,,,,,,,,,,,,,,,,,,,,,,,,,,,,,,,,,,,,,,,,,,,,,,,,,
Absolute Return,KSBF70053102,CQS,30.6,Beta Adj Exposure,100%,20%,0%,20%,0%,0%,0%,0%,0%,0%,0%,0%,0%,0%,0%,0%,60%,0%,0%,0%,0%,0%,0%,0%,0%,0%,0%,0%,0%,0%,0%,0%,0%,0%,0%,0%,0%,0%,0%,0%,0%,0%,0%,0%,0%,0%,0%,0%,0%,0%,0%,0%,0%,0%,0%,0%,0%,0%,0%
Absolute Return,KSBF70052002,Audax Loan Fund,,Long Exposure,,,,,,,,,,,,,,,,,,,,,,,,,,,,,,,,100%,,,,,,,,,,,,,,,,,,,,,,,,,,,
Absolute Return,KSBF70052002,Audax Loan Fund,,Long Beta,,,,,,,,,,,,,,,,,,,,,,,,,,,,,,,,1,,,,,,,,,,,,,,,,,,,,,,,,,,,
Absolute Return,KSBF70052002,Audax Loan Fund,,Short Exposure,,,,,,,,,,,,,,,,,,,,,,,,,,,,,,,,,,,,,,,,,,,,,,,,,,,,,,,,,,,
Absolute Return,KSBF70052002,Audax Loan Fund,,Short Beta,,,,,,,,,,,,,,,,,,,,,,,,,,,,,,,,,,,,,,,,,,,,,,,,,,,,,,,,,,,
Absolute Return,KSBF70052002,Audax Loan Fund,0,Beta Adj Exposure,100%,0%,0%,0%,0%,0%,0%,0%,0%,0%,0%,0%,0%,0%,0%,0%,0%,0%,0%,0%,0%,0%,0%,0%,0%,0%,0%,0%,0%,0%,0%,100%,0%,0%,0%,0%,0%,0%,0%,0%,0%,0%,0%,0%,0%,0%,0%,0%,0%,0%,0%,0%,0%,0%,0%,0%,0%,0%,0%
Absolute Return,KSBF70013002,Bain Capital Public Equity,,Long Exposure,,,,,,,,,100%,,,,,,,,,,,,,,,,,,,,,,,,,,,,,,,,,,,,,,,,,,,,,,,,,,
Absolute Return,KSBF70013002,Bain Capital Public Equity,,Long Beta,,,,,,,,,1,,,,,,,,,,,,,,,,,,,,,,,,,,,,,,,,,,,,,,,,,,,,,,,,,,
Absolute Return,KSBF70013002,Bain Capital Public Equity,,Short Exposure,,,,,,,,,,,,,,,,,,,,,,,,,,,,,,,,,,,,,,,,,,,,,,,,,,,,,,,,,,,
Absolute Return,KSBF70013002,Bain Capital Public Equity,,Short Beta,,,,,,,,,,,,,,,,,,,,,,,,,,,,,,,,,,,,,,,,,,,,,,,,,,,,,,,,,,,
Absolute Return,KSBF70013002,Bain Capital Public Equity,0.1,Beta Adj Exposure,100%,0%,0%,0%,0%,0%,0%,0%,100%,0%,0%,0%,0%,0%,0%,0%,0%,0%,0%,0%,0%,0%,0%,0%,0%,0%,0%,0%,0%,0%,0%,0%,0%,0%,0%,0%,0%,0%,0%,0%,0%,0%,0%,0%,0%,0%,0%,0%,0%,0%,0%,0%,0%,0%,0%,0%,0%,0%,0%
Absolute Return,KSBF70053002,CapitalSpring Lending Partners,,Long Exposure,,,,,,,,,,,,,,,,,,,,,,,,,,,,,,,,100%,,,,,,,,,,,,,,,,,,,,,,,,,,,
Absolute Return,KSBF70053002,CapitalSpring Lending Partners,,Long Beta,,,,,,,,,,,,,,,,,,,,,,,,,,,,,,,,1,,,,,,,,,,,,,,,,,,,,,,,,,,,
Absolute Return,KSBF70053002,CapitalSpring Lending Partners,,Short Exposure,,,,,,,,,,,,,,,,,,,,,,,,,,,,,,,,,,,,,,,,,,,,,,,,,,,,,,,,,,,
Absolute Return,KSBF70053002,CapitalSpring Lending Partners,,Short Beta,,,,,,,,,,,,,,,,,,,,,,,,,,,,,,,,,,,,,,,,,,,,,,,,,,,,,,,,,,,
Absolute Return,KSBF70053002,CapitalSpring Lending Partners,2,Beta Adj Exposure,100%,0%,0%,0%,0%,0%,0%,0%,0%,0%,0%,0%,0%,0%,0%,0%,0%,0%,0%,0%,0%,0%,0%,0%,0%,0%,0%,0%,0%,0%,0%,100%,0%,0%,0%,0%,0%,0%,0%,0%,0%,0%,0%,0%,0%,0%,0%,0%,0%,0%,0%,0%,0%,0%,0%,0%,0%,0%,0%
Absolute Return,KSBF70029002,Centerbridge Credit,,Long Exposure,,,,,,,,,,,,,,,,,,,,,,,,,,,,,,,,,100%,,,,,,,,,,,,,,,,,,,,,,,,,,
Absolute Return,KSBF70029002,Centerbridge Credit,,Long Beta,,,,,,,,,,,,,,,,,,,,,,,,,,,,,,,,,1,,,,,,,,,,,,,,,,,,,,,,,,,,
Absolute Return,KSBF70029002,Centerbridge Credit,,Short Exposure,,,,,,,,,,,,,,,,,,,,,,,,,,,,,,,,,,,,,,,,,,,,,,,,,,,,,,,,,,,
Absolute Return,KSBF70029002,Centerbridge Credit,,Short Beta,,,,,,,,,,,,,,,,,,,,,,,,,,,,,,,,,,,,,,,,,,,,,,,,,,,,,,,,,,,
Absolute Return,KSBF70029002,Centerbridge Credit,22.9,Beta Adj Exposure,100%,0%,0%,0%,0%,0%,0%,0%,0%,0%,0%,0%,0%,0%,0%,0%,0%,0%,0%,0%,0%,0%,0%,0%,0%,0%,0%,0%,0%,0%,0%,0%,100%,0%,0%,0%,0%,0%,0%,0%,0%,0%,0%,0%,0%,0%,0%,0%,0%,0%,0%,0%,0%,0%,0%,0%,0%,0%,0%
Absolute Return,KSBF70062002,Clareant Loan Fund,,Long Exposure,,,,,,,,,,,,,,,,,,,,,,,,,,,,,,,,100%,,,,,,,,,,,,,,,,,,,,,,,,,,,
Absolute Return,KSBF70062002,Clareant Loan Fund,,Long Beta,,,,,,,,,,,,,,,,,,,,,,,,,,,,,,,,1,,,,,,,,,,,,,,,,,,,,,,,,,,,
Absolute Return,KSBF70062002,Clareant Loan Fund,,Short Exposure,,,,,,,,,,,,,,,,,,,,,,,,,,,,,,,,,,,,,,,,,,,,,,,,,,,,,,,,,,,
Absolute Return,KSBF70062002,Clareant Loan Fund,,Short Beta,,,,,,,,,,,,,,,,,,,,,,,,,,,,,,,,,,,,,,,,,,,,,,,,,,,,,,,,,,,
Absolute Return,KSBF70062002,Clareant Loan Fund,19,Beta Adj Exposure,100%,0%,0%,0%,0%,0%,0%,0%,0%,0%,0%,0%,0%,0%,0%,0%,0%,0%,0%,0%,0%,0%,0%,0%,0%,0%,0%,0%,0%,0%,0%,100%,0%,0%,0%,0%,0%,0%,0%,0%,0%,0%,0%,0%,0%,0%,0%,0%,0%,0%,0%,0%,0%,0%,0%,0%,0%,0%,0%
Absolute Return,KSBF70055002,Crescent,,Long Exposure,,,,,,,,,,,,,,,,,,,,,,,,,,,,,,,,100%,,,,,,,,,,,,,,,,,,,,,,,,,,,
Absolute Return,KSBF70055002,Crescent,,Long Beta,,,,,,,,,,,,,,,,,,,,,,,,,,,,,,,,1,,,,,,,,,,,,,,,,,,,,,,,,,,,
Absolute Return,KSBF70055002,Crescent,,Short Exposure,,,,,,,,,,,,,,,,,,,,,,,,,,,,,,,,,,,,,,,,,,,,,,,,,,,,,,,,,,,
Absolute Return,KSBF70055002,Crescent,,Short Beta,,,,,,,,,,,,,,,,,,,,,,,,,,,,,,,,,,,,,,,,,,,,,,,,,,,,,,,,,,,
Absolute Return,KSBF70055002,Crescent,98.8,Beta Adj Exposure,100%,0%,0%,0%,0%,0%,0%,0%,0%,0%,0%,0%,0%,0%,0%,0%,0%,0%,0%,0%,0%,0%,0%,0%,0%,0%,0%,0%,0%,0%,0%,100%,0%,0%,0%,0%,0%,0%,0%,0%,0%,0%,0%,0%,0%,0%,0%,0%,0%,0%,0%,0%,0%,0%,0%,0%,0%,0%,0%
Absolute Return,KSBF70061002,Field Street,,Long Exposure,,100%,,,,,,,,,,,,,,,,,,,,,,,,,,,,,,,,,,,,,,,,,,,,,,,,,,,,,,,,,
Absolute Return,KSBF70061002,Field Street,,Long Beta,,1,,,,,,,,,,,,,,,,,,,,,,,,,,,,,,,,,,,,,,,,,,,,,,,,,,,,,,,,,
Absolute Return,KSBF70061002,Field Street,,Short Exposure,,,,,,,,,,,,,,,,,,,,,,,,,,,,,,,,,,,,,,,,,,,,,,,,,,,,,,,,,,,
Absolute Return,KSBF70061002,Field Street,,Short Beta,,,,,,,,,,,,,,,,,,,,,,,,,,,,,,,,,,,,,,,,,,,,,,,,,,,,,,,,,,,
Absolute Return,KSBF70061002,Field Street,0.7,Beta Adj Exposure,100%,100%,0%,0%,0%,0%,0%,0%,0%,0%,0%,0%,0%,0%,0%,0%,0%,0%,0%,0%,0%,0%,0%,0%,0%,0%,0%,0%,0%,0%,0%,0%,0%,0%,0%,0%,0%,0%,0%,0%,0%,0%,0%,0%,0%,0%,0%,0%,0%,0%,0%,0%,0%,0%,0%,0%,0%,0%,0%
Absolute Return,KSBF70020002,Highfields,,Long Exposure,,,60%,,,,,,,,,,,,,,,,,,,,,,,,,,,,,,,,,,,,,,,,,,,,,,,,,,,,,,,,
Absolute Return,KSBF70020002,Highfields,,Long Beta,,,1,,,,,,,,,,,,,,,,,,,,,,,,,,,,,,,,,,,,,,,,,,,,,,,,,,,,,,,,
Absolute Return,KSBF70020002,Highfields,,Short Exposure,,,,,,,,,,,,,,,,,,,,,,,,,,,,,,,,,,,,,,,,,,,,,,,,,,,,,,,,,,,
Absolute Return,KSBF70020002,Highfields,,Short Beta,,,,,,,,,,,,,,,,,,,,,,,,,,,,,,,,,,,,,,,,,,,,,,,,,,,,,,,,,,,
Absolute Return,KSBF70020002,Highfields,1.4,Beta Adj Exposure,60%,0%,60%,0%,0%,0%,0%,0%,0%,0%,0%,0%,0%,0%,0%,0%,0%,0%,0%,0%,0%,0%,0%,0%,0%,0%,0%,0%,0%,0%,0%,0%,0%,0%,0%,0%,0%,0%,0%,0%,0%,0%,0%,0%,0%,0%,0%,0%,0%,0%,0%,0%,0%,0%,0%,0%,0%,0%,0%
Absolute Return,KSBF70054002,ILS P&C,,Long Exposure,,,,,,,,,,,,,,,,,,,,,,,,,,,,,,,,100%,,,,,,,,,,,,,,,,,,,,,,,,,,,
Absolute Return,KSBF70054002,ILS P&C,,Long Beta,,,,,,,,,,,,,,,,,,,,,,,,,,,,,,,,1,,,,,,,,,,,,,,,,,,,,,,,,,,,
Absolute Return,KSBF70054002,ILS P&C,,Short Exposure,,,,,,,,,,,,,,,,,,,,,,,,,,,,,,,,,,,,,,,,,,,,,,,,,,,,,,,,,,,
Absolute Return,KSBF70054002,ILS P&C,,Short Beta,,,,,,,,,,,,,,,,,,,,,,,,,,,,,,,,,,,,,,,,,,,,,,,,,,,,,,,,,,,
Absolute Return,KSBF70054002,ILS P&C,9,Beta Adj Exposure,100%,0%,0%,0%,0%,0%,0%,0%,0%,0%,0%,0%,0%,0%,0%,0%,0%,0%,0%,0%,0%,0%,0%,0%,0%,0%,0%,0%,0%,0%,0%,100%,0%,0%,0%,0%,0%,0%,0%,0%,0%,0%,0%,0%,0%,0%,0%,0%,0%,0%,0%,0%,0%,0%,0%,0%,0%,0%,0%
Absolute Return,KSBF70054102,ILS Property&Casualty Fund II,,Long Exposure,,,,,,,,,,,,,,,,,,,,,,,,,,,,,,,,100%,,,,,,,,,,,,,,,,,,,,,,,,,,,
Absolute Return,KSBF70054102,ILS Property&Casualty Fund II,,Long Beta,,,,,,,,,,,,,,,,,,,,,,,,,,,,,,,,1,,,,,,,,,,,,,,,,,,,,,,,,,,,
Absolute Return,KSBF70054102,ILS Property&Casualty Fund II,,Short Exposure,,,,,,,,,,,,,,,,,,,,,,,,,,,,,,,,,,,,,,,,,,,,,,,,,,,,,,,,,,,
Absolute Return,KSBF70054102,ILS Property&Casualty Fund II,,Short Beta,,,,,,,,,,,,,,,,,,,,,,,,,,,,,,,,,,,,,,,,,,,,,,,,,,,,,,,,,,,
Absolute Return,KSBF70054102,ILS Property&Casualty Fund II,5.8,Beta Adj Exposure,100%,0%,0%,0%,0%,0%,0%,0%,0%,0%,0%,0%,0%,0%,0%,0%,0%,0%,0%,0%,0%,0%,0%,0%,0%,0%,0%,0%,0%,0%,0%,100%,0%,0%,0%,0%,0%,0%,0%,0%,0%,0%,0%,0%,0%,0%,0%,0%,0%,0%,0%,0%,0%,0%,0%,0%,0%,0%,0%
Absolute Return,KSBF70021002,Indus Asia Pacific,,Long Exposure,,,,,,,,,,,,,,,,,,,,,,,,,,,,,,,,,,40%,,,,,,,,,,,,,,,,,,,,,,,,,
Absolute Return,KSBF70021002,Indus Asia Pacific,,Long Beta,,,,,,,,,,,,,,,,,,,,,,,,,,,,,,,,,,1,,,,,,,,,,,,,,,,,,,,,,,,,
Absolute Return,KSBF70021002,Indus Asia Pacific,,Short Exposure,,,,,,,,,,,,,,,,,,,,,,,,,,,,,,,,,,,,,,,,,,,,,,,,,,,,,,,,,,,
Absolute Return,KSBF70021002,Indus Asia Pacific,,Short Beta,,,,,,,,,,,,,,,,,,,,,,,,,,,,,,,,,,,,,,,,,,,,,,,,,,,,,,,,,,,
Absolute Return,KSBF70021002,Indus Asia Pacific,0,Beta Adj Exposure,40%,0%,0%,0%,0%,0%,0%,0%,0%,0%,0%,0%,0%,0%,0%,0%,0%,0%,0%,0%,0%,0%,0%,0%,0%,0%,0%,0%,0%,0%,0%,0%,0%,40%,0%,0%,0%,0%,0%,0%,0%,0%,0%,0%,0%,0%,0%,0%,0%,0%,0%,0%,0%,0%,0%,0%,0%,0%,0%
Absolute Return,KSBF70058002,Kayne Anderson Loan,,Long Exposure,,,,,,,,,,,,,,,,,,,,,,,,,,,,,,,100%,,,,,,,,,,,,,,,,,,,,,,,,,,,,
Absolute Return,KSBF70058002,Kayne Anderson Loan,,Long Beta,,,,,,,,,,,,,,,,,,,,,,,,,,,,,,,1,,,,,,,,,,,,,,,,,,,,,,,,,,,,
Absolute Return,KSBF70058002,Kayne Anderson Loan,,Short Exposure,,,,,,,,,,,,,,,,,,,,,,,,,,,,,,,,,,,,,,,,,,,,,,,,,,,,,,,,,,,
Absolute Return,KSBF70058002,Kayne Anderson Loan,,Short Beta,,,,,,,,,,,,,,,,,,,,,,,,,,,,,,,,,,,,,,,,,,,,,,,,,,,,,,,,,,,
Absolute Return,KSBF70058002,Kayne Anderson Loan,60.6,Beta Adj Exposure,100%,0%,0%,0%,0%,0%,0%,0%,0%,0%,0%,0%,0%,0%,0%,0%,0%,0%,0%,0%,0%,0%,0%,0%,0%,0%,0%,0%,0%,0%,100%,0%,0%,0%,0%,0%,0%,0%,0%,0%,0%,0%,0%,0%,0%,0%,0%,0%,0%,0%,0%,0%,0%,0%,0%,0%,0%,0%,0%
Absolute Return,KSBF70028002,King Street Capital,,Long Exposure,,,,,,,,,,,,,,,,,,,,,,,,,,,,,,,,,100%,,,,,,,,,,,,,,,,,,,,,,,,,,
Absolute Return,KSBF70028002,King Street Capital,,Long Beta,,,,,,,,,,,,,,,,,,,,,,,,,,,,,,,,,1,,,,,,,,,,,,,,,,,,,,,,,,,,
Absolute Return,KSBF70028002,King Street Capital,,Short Exposure,,,,,,,,,,,,,,,,,,,,,,,,,,,,,,,,,,,,,,,,,,,,,,,,,,,,,,,,,,,
Absolute Return,KSBF70028002,King Street Capital,,Short Beta,,,,,,,,,,,,,,,,,,,,,,,,,,,,,,,,,,,,,,,,,,,,,,,,,,,,,,,,,,,
Absolute Return,KSBF70028002,King Street Capital,2.1,Beta Adj Exposure,100%,0%,0%,0%,0%,0%,0%,0%,0%,0%,0%,0%,0%,0%,0%,0%,0%,0%,0%,0%,0%,0%,0%,0%,0%,0%,0%,0%,0%,0%,0%,0%,100%,0%,0%,0%,0%,0%,0%,0%,0%,0%,0%,0%,0%,0%,0%,0%,0%,0%,0%,0%,0%,0%,0%,0%,0%,0%,0%
Absolute Return,KSBF70082002,KSOH Fund,,Long Exposure,,,,,,,,,,,,,,,,,,,,,,,,,,,,,,,,100%,,,,,,,,,,,,,,,,,,,,,,,,,,,
Absolute Return,KSBF70082002,KSOH Fund,,Long Beta,,,,,,,,,,,,,,,,,,,,,,,,,,,,,,,,1,,,,,,,,,,,,,,,,,,,,,,,,,,,
Absolute Return,KSBF70082002,KSOH Fund,,Short Exposure,,,,,,,,,,,,,,,,,,,,,,,,,,,,,,,,,,,,,,,,,,,,,,,,,,,,,,,,,,,
Absolute Return,KSBF70082002,KSOH Fund,,Short Beta,,,,,,,,,,,,,,,,,,,,,,,,,,,,,,,,,,,,,,,,,,,,,,,,,,,,,,,,,,,
Absolute Return,KSBF70082002,KSOH Fund,51.8,Beta Adj Exposure,100%,0%,0%,0%,0%,0%,0%,0%,0%,0%,0%,0%,0%,0%,0%,0%,0%,0%,0%,0%,0%,0%,0%,0%,0%,0%,0%,0%,0%,0%,0%,100%,0%,0%,0%,0%,0%,0%,0%,0%,0%,0%,0%,0%,0%,0%,0%,0%,0%,0%,0%,0%,0%,0%,0%,0%,0%,0%,0%
Absolute Return,KSBF70079002,MTP Energy Opportunities Fd II,,Long Exposure,,,,,,,,,,,,,,,,,,,,,,,,,,,,,,,,,100%,,,,,,,,,,,,,,,,,,,,,,,,,,
Absolute Return,KSBF70079002,MTP Energy Opportunities Fd II,,Long Beta,,,,,,,,,,,,,,,,,,,,,,,,,,,,,,,,,1,,,,,,,,,,,,,,,,,,,,,,,,,,
Absolute Return,KSBF70079002,MTP Energy Opportunities Fd II,,Short Exposure,,,,,,,,,,,,,,,,,,,,,,,,,,,,,,,,,,,,,,,,,,,,,,,,,,,,,,,,,,,
Absolute Return,KSBF70079002,MTP Energy Opportunities Fd II,,Short Beta,,,,,,,,,,,,,,,,,,,,,,,,,,,,,,,,,,,,,,,,,,,,,,,,,,,,,,,,,,,
Absolute Return,KSBF70079002,MTP Energy Opportunities Fd II,42.8,Beta Adj Exposure,100%,0%,0%,0%,0%,0%,0%,0%,0%,0%,0%,0%,0%,0%,0%,0%,0%,0%,0%,0%,0%,0%,0%,0%,0%,0%,0%,0%,0%,0%,0%,0%,100%,0%,0%,0%,0%,0%,0%,0%,0%,0%,0%,0%,0%,0%,0%,0%,0%,0%,0%,0%,0%,0%,0%,0%,0%,0%,0%
Absolute Return,KSBF70022002,Oz,,Long Exposure,,,,100%,,,,,,,,,,,,,,,,,,,,,,,,,,,,,,,,,,,,,,,,,,,,,,,,,,,,,,,
Absolute Return,KSBF70022002,Oz,,Long Beta,,,,0.3,,,,,,,,,,,,,,,,,,,,,,,,,,,,,,,,,,,,,,,,,,,,,,,,,,,,,,,
Absolute Return,KSBF70022002,Oz,,Short Exposure,,,,,,,,,,,,,,,,,,,,,,,,,,,,,,,,,,,,,,,,,,,,,,,,,,,,,,,,,,,
Absolute Return,KSBF70022002,Oz,,Short Beta,,,,,,,,,,,,,,,,,,,,,,,,,,,,,,,,,,,,,,,,,,,,,,,,,,,,,,,,,,,
Absolute Return,KSBF70022002,Oz,0,Beta Adj Exposure,30%,0%,0%,30%,0%,0%,0%,0%,0%,0%,0%,0%,0%,0%,0%,0%,0%,0%,0%,0%,0%,0%,0%,0%,0%,0%,0%,0%,0%,0%,0%,0%,0%,0%,0%,0%,0%,0%,0%,0%,0%,0%,0%,0%,0%,0%,0%,0%,0%,0%,0%,0%,0%,0%,0%,0%,0%,0%,0%
Absolute Return,KSBF70066002,Myriad,,Long Exposure,,,,,,,,,,,,,,,,,,,,,,,,,,,,,,,,,,40%,,,,,,,,,,,,,,,,,,,,,,,,,
Absolute Return,KSBF70066002,Myriad,,Long Beta,,,,,,,,,,,,,,,,,,,,,,,,,,,,,,,,,,1,,,,,,,,,,,,,,,,,,,,,,,,,
Absolute Return,KSBF70066002,Myriad,,Short Exposure,,,,,,,,,,,,,,,,,,,,,,,,,,,,,,,,,,,,,,,,,,,,,,,,,,,,,,,,,,,
Absolute Return,KSBF70066002,Myriad,,Short Beta,,,,,,,,,,,,,,,,,,,,,,,,,,,,,,,,,,,,,,,,,,,,,,,,,,,,,,,,,,,
Absolute Return,KSBF70066002,Myriad,12.4,Beta Adj Exposure,40%,0%,0%,0%,0%,0%,0%,0%,0%,0%,0%,0%,0%,0%,0%,0%,0%,0%,0%,0%,0%,0%,0%,0%,0%,0%,0%,0%,0%,0%,0%,0%,0%,40%,0%,0%,0%,0%,0%,0%,0%,0%,0%,0%,0%,0%,0%,0%,0%,0%,0%,0%,0%,0%,0%,0%,0%,0%,0%
Absolute Return,KSBF70047002,Pacific Alliance GP Asia Ln Fd,,Long Exposure,,,,,,,,,,,,,,,,,,,,,,,,,,,,,,,,100%,,,,,,,,,,,,,,,,,,,,,,,,,,,
Absolute Return,KSBF70047002,Pacific Alliance GP Asia Ln Fd,,Long Beta,,,,,,,,,,,,,,,,,,,,,,,,,,,,,,,,1,,,,,,,,,,,,,,,,,,,,,,,,,,,
Absolute Return,KSBF70047002,Pacific Alliance GP Asia Ln Fd,,Short Exposure,,,,,,,,,,,,,,,,,,,,,,,,,,,,,,,,,,,,,,,,,,,,,,,,,,,,,,,,,,,
Absolute Return,KSBF70047002,Pacific Alliance GP Asia Ln Fd,,Short Beta,,,,,,,,,,,,,,,,,,,,,,,,,,,,,,,,,,,,,,,,,,,,,,,,,,,,,,,,,,,
Absolute Return,KSBF70047002,Pacific Alliance GP Asia Ln Fd,0.2,Beta Adj Exposure,100%,0%,0%,0%,0%,0%,0%,0%,0%,0%,0%,0%,0%,0%,0%,0%,0%,0%,0%,0%,0%,0%,0%,0%,0%,0%,0%,0%,0%,0%,0%,100%,0%,0%,0%,0%,0%,0%,0%,0%,0%,0%,0%,0%,0%,0%,0%,0%,0%,0%,0%,0%,0%,0%,0%,0%,0%,0%,0%
Absolute Return,KSBF70047102,PAG Asia Loan II Fund,,Long Exposure,,,,,,,,,,,,,,,,,,,,,,,,,,,,,,,,100%,,,,,,,,,,,,,,,,,,,,,,,,,,,
Absolute Return,KSBF70047102,PAG Asia Loan II Fund,,Long Beta,,,,,,,,,,,,,,,,,,,,,,,,,,,,,,,,1,,,,,,,,,,,,,,,,,,,,,,,,,,,
Absolute Return,KSBF70047102,PAG Asia Loan II Fund,,Short Exposure,,,,,,,,,,,,,,,,,,,,,,,,,,,,,,,,,,,,,,,,,,,,,,,,,,,,,,,,,,,
Absolute Return,KSBF70047102,PAG Asia Loan II Fund,,Short Beta,,,,,,,,,,,,,,,,,,,,,,,,,,,,,,,,,,,,,,,,,,,,,,,,,,,,,,,,,,,
Absolute Return,KSBF70047102,PAG Asia Loan II Fund,0,Beta Adj Exposure,100%,0%,0%,0%,0%,0%,0%,0%,0%,0%,0%,0%,0%,0%,0%,0%,0%,0%,0%,0%,0%,0%,0%,0%,0%,0%,0%,0%,0%,0%,0%,100%,0%,0%,0%,0%,0%,0%,0%,0%,0%,0%,0%,0%,0%,0%,0%,0%,0%,0%,0%,0%,0%,0%,0%,0%,0%,0%,0%
Absolute Return,KSBF70070002,Pine River Special Opp.,,Long Exposure,,,,,,,,,,,,,,,,,,,,,,,,,,,,,,,,100%,,,,,,,,,,,,,,,,,,,,,,,,,,,
Absolute Return,KSBF70070002,Pine River Special Opp.,,Long Beta,,,,,,,,,,,,,,,,,,,,,,,,,,,,,,,,1,,,,,,,,,,,,,,,,,,,,,,,,,,,
Absolute Return,KSBF70070002,Pine River Special Opp.,,Short Exposure,,,,,,,,,,,,,,,,,,,,,,,,,,,,,,,,,,,,,,,,,,,,,,,,,,,,,,,,,,,
Absolute Return,KSBF70070002,Pine River Special Opp.,,Short Beta,,,,,,,,,,,,,,,,,,,,,,,,,,,,,,,,,,,,,,,,,,,,,,,,,,,,,,,,,,,
Absolute Return,KSBF70070002,Pine River Special Opp.,6.3,Beta Adj Exposure,100%,0%,0%,0%,0%,0%,0%,0%,0%,0%,0%,0%,0%,0%,0%,0%,0%,0%,0%,0%,0%,0%,0%,0%,0%,0%,0%,0%,0%,0%,0%,100%,0%,0%,0%,0%,0%,0%,0%,0%,0%,0%,0%,0%,0%,0%,0%,0%,0%,0%,0%,0%,0%,0%,0%,0%,0%,0%,0%
Absolute Return,KSBF70075002,RA Capital Healthcare Fund,,Long Exposure,,,,,,,,,,,,,,,100%,,,,,,,,,,,,,,,,,,,,,,,,,,,,,,,,,,,,,,,,,,,,
Absolute Return,KSBF70075002,RA Capital Healthcare Fund,,Long Beta,,,,,,,,,,,,,,,1,,,,,,,,,,,,,,,,,,,,,,,,,,,,,,,,,,,,,,,,,,,,
Absolute Return,KSBF70075002,RA Capital Healthcare Fund,,Short Exposure,,,,,,,,,,,,,,,,,,,,,,,,,,,,,,,,,,,,,,,,,,,,,,,,,,,,,,,,,,,
Absolute Return,KSBF70075002,RA Capital Healthcare Fund,,Short Beta,,,,,,,,,,,,,,,,,,,,,,,,,,,,,,,,,,,,,,,,,,,,,,,,,,,,,,,,,,,
Absolute Return,KSBF70075002,RA Capital Healthcare Fund,2.1,Beta Adj Exposure,100%,0%,0%,0%,0%,0%,0%,0%,0%,0%,0%,0%,0%,0%,100%,0%,0%,0%,0%,0%,0%,0%,0%,0%,0%,0%,0%,0%,0%,0%,0%,0%,0%,0%,0%,0%,0%,0%,0%,0%,0%,0%,0%,0%,0%,0%,0%,0%,0%,0%,0%,0%,0%,0%,0%,0%,0%,0%,0%
Absolute Return,KSBF70083002,Riva Capital Part V,,Long Exposure,,,,,,,,,,,,,,,,,,,,,,,,,,,,,,,,100%,,,,,,,,,,,,,,,,,,,,,,,,,,,
Absolute Return,KSBF70083002,Riva Capital Part V,,Long Beta,,,,,,,,,,,,,,,,,,,,,,,,,,,,,,,,1,,,,,,,,,,,,,,,,,,,,,,,,,,,
Absolute Return,KSBF70083002,Riva Capital Part V,,Short Exposure,,,,,,,,,,,,,,,,,,,,,,,,,,,,,,,,,,,,,,,,,,,,,,,,,,,,,,,,,,,
Absolute Return,KSBF70083002,Riva Capital Part V,,Short Beta,,,,,,,,,,,,,,,,,,,,,,,,,,,,,,,,,,,,,,,,,,,,,,,,,,,,,,,,,,,
Absolute Return,KSBF70083002,Riva Capital Part V,30.4,Beta Adj Exposure,100%,0%,0%,0%,0%,0%,0%,0%,0%,0%,0%,0%,0%,0%,0%,0%,0%,0%,0%,0%,0%,0%,0%,0%,0%,0%,0%,0%,0%,0%,0%,100%,0%,0%,0%,0%,0%,0%,0%,0%,0%,0%,0%,0%,0%,0%,0%,0%,0%,0%,0%,0%,0%,0%,0%,0%,0%,0%,0%
Absolute Return,KSBF70043002,Senator,,Long Exposure,,,60%,,,,,,,,,,,,,,,,,,,,,,,,,,,,,,,,,,,,,,,,,,,,,,,,,,,,,,,,
Absolute Return,KSBF70043002,Senator,,Long Beta,,,1,,,,,,,,,,,,,,,,,,,,,,,,,,,,,,,,,,,,,,,,,,,,,,,,,,,,,,,,
Absolute Return,KSBF70043002,Senator,,Short Exposure,,,,,,,,,,,,,,,,,,,,,,,,,,,,,,,,,,,,,,,,,,,,,,,,,,,,,,,,,,,
Absolute Return,KSBF70043002,Senator,,Short Beta,,,,,,,,,,,,,,,,,,,,,,,,,,,,,,,,,,,,,,,,,,,,,,,,,,,,,,,,,,,
Absolute Return,KSBF70043002,Senator,1,Beta Adj Exposure,60%,0%,60%,0%,0%,0%,0%,0%,0%,0%,0%,0%,0%,0%,0%,0%,0%,0%,0%,0%,0%,0%,0%,0%,0%,0%,0%,0%,0%,0%,0%,0%,0%,0%,0%,0%,0%,0%,0%,0%,0%,0%,0%,0%,0%,0%,0%,0%,0%,0%,0%,0%,0%,0%,0%,0%,0%,0%,0%
Absolute Return,KSBF70060002,TCI REP Fund I,,Long Exposure,,,,,,,,,,,,,,,,,,,,,,,,,,,,,,,,,,,100%,,,,,,,,,,,,,,,,,,,,,,,,
Absolute Return,KSBF70060002,TCI REP Fund I,,Long Beta,,,,,,,,,,,,,,,,,,,,,,,,,,,,,,,,,,,1,,,,,,,,,,,,,,,,,,,,,,,,
Absolute Return,KSBF70060002,TCI REP Fund I,,Short Exposure,,,,,,,,,,,,,,,,,,,,,,,,,,,,,,,,,,,,,,,,,,,,,,,,,,,,,,,,,,,
Absolute Return,KSBF70060002,TCI REP Fund I,,Short Beta,,,,,,,,,,,,,,,,,,,,,,,,,,,,,,,,,,,,,,,,,,,,,,,,,,,,,,,,,,,
Absolute Return,KSBF70060002,TCI REP Fund I,14.3,Beta Adj Exposure,100%,0%,0%,0%,0%,0%,0%,0%,0%,0%,0%,0%,0%,0%,0%,0%,0%,0%,0%,0%,0%,0%,0%,0%,0%,0%,0%,0%,0%,0%,0%,0%,0%,0%,100%,0%,0%,0%,0%,0%,0%,0%,0%,0%,0%,0%,0%,0%,0%,0%,0%,0%,0%,0%,0%,0%,0%,0%,0%
Absolute Return,KSBF70088002,IRON PARK WIN,,Long Exposure,,,,,,,,,,,,,,,,,,,,,,,,,,,,,,,,,,,,,,,,,,,,,,,,,,,,,,,,,,,
Absolute Return,KSBF70088002,IRON PARK WIN,,Long Beta,,,,,,,,,,,,,,,,,,,,,,,,,,,,,,,,,,,,,,,,,,,,,,,,,,,,,,,,,,,
Absolute Return,KSBF70088002,IRON PARK WIN,,Short Exposure,,,,,,,,,,,,,,,,,,,,,,,,,,,,,,,,,,,,,,,,,,,,,,,,,,,,,,,,,,,
Absolute Return,KSBF70088002,IRON PARK WIN,,Short Beta,,,,,,,,,,,,,,,,,,,,,,,,,,,,,,,,,,,,,,,,,,,,,,,,,,,,,,,,,,,
Absolute Return,KSBF70088002,IRON PARK WIN,50.2,Beta Adj Exposure,0%,0%,0%,0%,0%,0%,0%,0%,0%,0%,0%,0%,0%,0%,0%,0%,0%,0%,0%,0%,0%,0%,0%,0%,0%,0%,0%,0%,0%,0%,0%,0%,0%,0%,0%,0%,0%,0%,0%,0%,0%,0%,0%,0%,0%,0%,0%,0%,0%,0%,0%,0%,0%,0%,0%,0%,0%,0%,0%
Absolute Return,KSBF70080002,VGO Special Situations Fund I,,Long Exposure,,,,,,,,,,,,,,,,,,,,,,,,,,,,,,,,100%,,,,,,,,,,,,,,,,,,,,,,,,,,,
Absolute Return,KSBF70080002,VGO Special Situations Fund I,,Long Beta,,,,,,,,,,,,,,,,,,,,,,,,,,,,,,,,1,,,,,,,,,,,,,,,,,,,,,,,,,,,
Absolute Return,KSBF70080002,VGO Special Situations Fund I,,Short Exposure,,,,,,,,,,,,,,,,,,,,,,,,,,,,,,,,,,,,,,,,,,,,,,,,,,,,,,,,,,,
Absolute Return,KSBF70080002,VGO Special Situations Fund I,,Short Beta,,,,,,,,,,,,,,,,,,,,,,,,,,,,,,,,,,,,,,,,,,,,,,,,,,,,,,,,,,,
Absolute Return,KSBF70080002,VGO Special Situations Fund I,30.4,Beta Adj Exposure,100%,0%,0%,0%,0%,0%,0%,0%,0%,0%,0%,0%,0%,0%,0%,0%,0%,0%,0%,0%,0%,0%,0%,0%,0%,0%,0%,0%,0%,0%,0%,100%,0%,0%,0%,0%,0%,0%,0%,0%,0%,0%,0%,0%,0%,0%,0%,0%,0%,0%,0%,0%,0%,0%,0%,0%,0%,0%,0%
,KSBF30028002,Greenwoods,,Long Exposure,,,,,,,,,,,,,,,,,,,,,,,,,65%,,,,,,,,,,,,,,,,,,,,,,,,,,,,,,,,,,
,KSBF30028002,Greenwoods,,Long Beta,,,,,,,,,,,,,,,,,,,,,,,,,1,,,,,,,,,,,,,,,,,,,,,,,,,,,,,,,,,,
,KSBF30028002,Greenwoods,,Short Exposure,,,,,,,,,,,,,,,,,,,,,,,,,45%,,,,,,,,,,,,,,,,,,,,,,,,,,,,,,,,,,
,KSBF30028002,Greenwoods,,Short Beta,,,,,,,,,,,,,,,,,,,,,,,,,1,,,,,,,,,,,,,,,,,,,,,,,,,,,,,,,,,,
,KSBF30028002,Greenwoods,109.6,Beta Adj Exposure,20%,0%,0%,0%,0%,0%,0%,0%,0%,0%,0%,0%,0%,0%,0%,0%,0%,0%,0%,0%,0%,0%,0%,0%,20%,0%,0%,0%,0%,0%,0%,0%,0%,0%,0%,0%,0%,0%,0%,0%,0%,0%,0%,0%,0%,0%,0%,0%,0%,0%,0%,0%,0%,0%,0%,0%,0%,0%,0%
,KSBF30017002,Hillhouse Gaoling,,Long Exposure,,,,,,,,,,,,,,,,,,,,,,,,,,,85%,15%,,,,,,,,,,,,,,,,,,,,,,,,,,,,,,,
,KSBF30017002,Hillhouse Gaoling,,Long Beta,,,,,,,,,,,,,,,,,,,,,,,,,,,1,1,,,,,,,,,,,,,,,,,,,,,,,,,,,,,,,
,KSBF30017002,Hillhouse Gaoling,,Short Exposure,,,,,,,,,,,,,,,,,,,,,,,,,,,13.00%,2.00%,,,,,,,,,,,,,,,,,,,,,,,,,,,,,,,
,KSBF30017002,Hillhouse Gaoling,,Short Beta,,,,,,,,,,,,,,,,,,,,,,,,,,,1,1,,,,,,,,,,,,,,,,,,,,,,,,,,,,,,,
,KSBF30017002,Hillhouse Gaoling,337.5,Beta Adj Exposure,85%,0%,0%,0%,0%,0%,0%,0%,0%,0%,0%,0%,0%,0%,0%,0%,0%,0%,0%,0%,0%,0%,0%,0%,0%,0%,72%,13%,0%,0%,0%,0%,0%,0%,0%,0%,0%,0%,0%,0%,0%,0%,0%,0%,0%,0%,0%,0%,0%,0%,0%,0%,0%,0%,0%,0%,0%,0%,0%
,KSBF30017102,Hillhouse CVF,,Long Exposure,,,,,,,,,,,,,,,,,,,,,,,,,,,,,100%,,,,,,,,,,,,,,,,,,,,,,,,,,,,,,
,KSBF30017102,Hillhouse CVF,,Long Beta,,,,,,,,,,,,,,,,,,,,,,,,,,,,,1,,,,,,,,,,,,,,,,,,,,,,,,,,,,,,
,KSBF30017102,Hillhouse CVF,,Short Exposure,,,,,,,,,,,,,,,,,,,,,,,,,,,,,,,,,,,,,,,,,,,,,,,,,,,,,,,,,,,
,KSBF30017102,Hillhouse CVF,,Short Beta,,,,,,,,,,,,,,,,,,,,,,,,,,,,,,,,,,,,,,,,,,,,,,,,,,,,,,,,,,,
,KSBF30017102,Hillhouse CVF,107.3,Beta Adj Exposure,100%,0%,0%,0%,0%,0%,0%,0%,0%,0%,0%,0%,0%,0%,0%,0%,0%,0%,0%,0%,0%,0%,0%,0%,0%,0%,0%,0%,100%,0%,0%,0%,0%,0%,0%,0%,0%,0%,0%,0%,0%,0%,0%,0%,0%,0%,0%,0%,0%,0%,0%,0%,0%,0%,0%,0%,0%,0%,0%
,KSBF30024002,"Westbridge Crossover Fund, LLC",,Long Exposure,,,,,,,,,,,,,100%,,,,,,,,,,,,,,,,,,,,,,,,,,,,,,,,,,,,,,,,,,,,,,
,KSBF30024002,"Westbridge Crossover Fund, LLC",,Long Beta,,,,,,,,,,,,,1,,,,,,,,,,,,,,,,,,,,,,,,,,,,,,,,,,,,,,,,,,,,,,
,KSBF30024002,"Westbridge Crossover Fund, LLC",,Short Exposure,,,,,,,,,,,,,,,,,,,,,,,,,,,,,,,,,,,,,,,,,,,,,,,,,,,,,,,,,,,
,KSBF30024002,"Westbridge Crossover Fund, LLC",,Short Beta,,,,,,,,,,,,,,,,,,,,,,,,,,,,,,,,,,,,,,,,,,,,,,,,,,,,,,,,,,,
,KSBF30024002,"Westbridge Crossover Fund, LLC",28.1,Beta Adj Exposure,100%,0%,0%,0%,0%,0%,0%,0%,0%,0%,0%,0%,100%,0%,0%,0%,0%,0%,0%,0%,0%,0%,0%,0%,0%,0%,0%,0%,0%,0%,0%,0%,0%,0%,0%,0%,0%,0%,0%,0%,0%,0%,0%,0%,0%,0%,0%,0%,0%,0%,0%,0%,0%,0%,0%,0%,0%,0%,0%
,KSBF30024102,Westbridge SPV SH,,Long Exposure,,,,,,,,,,,,,100%,,,,,,,,,,,,,,,,,,,,,,,,,,,,,,,,,,,,,,,,,,,,,,
,KSBF30024102,Westbridge SPV SH,,Long Beta,,,,,,,,,,,,,1,,,,,,,,,,,,,,,,,,,,,,,,,,,,,,,,,,,,,,,,,,,,,,
,KSBF30024102,Westbridge SPV SH,,Short Exposure,,,,,,,,,,,,,,,,,,,,,,,,,,,,,,,,,,,,,,,,,,,,,,,,,,,,,,,,,,,
,KSBF30024102,Westbridge SPV SH,,Short Beta,,,,,,,,,,,,,,,,,,,,,,,,,,,,,,,,,,,,,,,,,,,,,,,,,,,,,,,,,,,
,KSBF30024102,Westbridge SPV SH,17.2,Beta Adj Exposure,100%,0%,0%,0%,0%,0%,0%,0%,0%,0%,0%,0%,100%,0%,0%,0%,0%,0%,0%,0%,0%,0%,0%,0%,0%,0%,0%,0%,0%,0%,0%,0%,0%,0%,0%,0%,0%,0%,0%,0%,0%,0%,0%,0%,0%,0%,0%,0%,0%,0%,0%,0%,0%,0%,0%,0%,0%,0%,0%
,KSBF30024302,Westbridge Crsovr IV,,Long Exposure,,,,,,,,,,,,,100%,,,,,,,,,,,,,,,,,,,,,,,,,,,,,,,,,,,,,,,,,,,,,,
,KSBF30024302,Westbridge Crsovr IV,,Long Beta,,,,,,,,,,,,,1,,,,,,,,,,,,,,,,,,,,,,,,,,,,,,,,,,,,,,,,,,,,,,
,KSBF30024302,Westbridge Crsovr IV,,Short Exposure,,,,,,,,,,,,,,,,,,,,,,,,,,,,,,,,,,,,,,,,,,,,,,,,,,,,,,,,,,,
,KSBF30024302,Westbridge Crsovr IV,,Short Beta,,,,,,,,,,,,,,,,,,,,,,,,,,,,,,,,,,,,,,,,,,,,,,,,,,,,,,,,,,,
,KSBF30024302,Westbridge Crsovr IV,10.7,Beta Adj Exposure,100%,0%,0%,0%,0%,0%,0%,0%,0%,0%,0%,0%,100%,0%,0%,0%,0%,0%,0%,0%,0%,0%,0%,0%,0%,0%,0%,0%,0%,0%,0%,0%,0%,0%,0%,0%,0%,0%,0%,0%,0%,0%,0%,0%,0%,0%,0%,0%,0%,0%,0%,0%,0%,0%,0%,0%,0%,0%,0%
,KSBF30025002,Amansa,,Long Exposure,,5%,,,,,,,,,,,,,,,,,,,,,,,,,,,,,,,,,,,,95%,,,,,,,,,,,,,,,,,,,,,
,KSBF30025002,Amansa,,Long Beta,,1,,,,,,,,,,,,,,,,,,,,,,,,,,,,,,,,,,,,1,,,,,,,,,,,,,,,,,,,,,
,KSBF30025002,Amansa,,Short Exposure,,,,,,,,,,,,,,,,,,,,,,,,,,,,,,,,,,,,,,,,,,,,,,,,,,,,,,,,,,,
,KSBF30025002,Amansa,,Short Beta,,,,,,,,,,,,,,,,,,,,,,,,,,,,,,,,,,,,,,,,,,,,,,,,,,,,,,,,,,,
,KSBF30025002,Amansa,93.3,Beta Adj Exposure,100%,5%,0%,0%,0%,0%,0%,0%,0%,0%,0%,0%,0%,0%,0%,0%,0%,0%,0%,0%,0%,0%,0%,0%,0%,0%,0%,0%,0%,0%,0%,0%,0%,0%,0%,0%,0%,95%,0%,0%,0%,0%,0%,0%,0%,0%,0%,0%,0%,0%,0%,0%,0%,0%,0%,0%,0%,0%,0%
,KSBF30016002,Neon Liberty,,Long Exposure,,,,,,,,,,,,,,,,,,,,,,,,,,,,,,,,,,,,100%,,,,,,,,,,,,,,,,,,,,,,,
,KSBF30016002,Neon Liberty,,Long Beta,,,,,,,,,,,,,,,,,,,,,,,,,,,,,,,,,,,,1,,,,,,,,,,,,,,,,,,,,,,,
,KSBF30016002,Neon Liberty,,Short Exposure,,,,,,,,,,,,,,,,,,,,,,,,,,,,,,,,,,,,,,,,,,,,,,,,,,,,,,,,,,,
,KSBF30016002,Neon Liberty,,Short Beta,,,,,,,,,,,,,,,,,,,,,,,,,,,,,,,,,,,,,,,,,,,,,,,,,,,,,,,,,,,
,KSBF30016002,Neon Liberty,31.9,Beta Adj Exposure,100%,0%,0%,0%,0%,0%,0%,0%,0%,0%,0%,0%,0%,0%,0%,0%,0%,0%,0%,0%,0%,0%,0%,0%,0%,0%,0%,0%,0%,0%,0%,0%,0%,0%,0%,100%,0%,0%,0%,0%,0%,0%,0%,0%,0%,0%,0%,0%,0%,0%,0%,0%,0%,0%,0%,0%,0%,0%,0%
,KSBF30024402,Westbridge SPV-SH II,,Long Exposure,,,,,,,,,,,,,100%,,,,,,,,,,,,,,,,,,,,,,,,,,,,,,,,,,,,,,,,,,,,,,
,KSBF30024402,Westbridge SPV-SH II,,Long Beta,,,,,,,,,,,,,1,,,,,,,,,,,,,,,,,,,,,,,,,,,,,,,,,,,,,,,,,,,,,,
,KSBF30024402,Westbridge SPV-SH II,,Short Exposure,,,,,,,,,,,,,,,,,,,,,,,,,,,,,,,,,,,,,,,,,,,,,,,,,,,,,,,,,,,
,KSBF30024402,Westbridge SPV-SH II,,Short Beta,,,,,,,,,,,,,,,,,,,,,,,,,,,,,,,,,,,,,,,,,,,,,,,,,,,,,,,,,,,
,KSBF30024402,Westbridge SPV-SH II,3,Beta Adj Exposure,100%,0%,0%,0%,0%,0%,0%,0%,0%,0%,0%,0%,100%,0%,0%,0%,0%,0%,0%,0%,0%,0%,0%,0%,0%,0%,0%,0%,0%,0%,0%,0%,0%,0%,0%,0%,0%,0%,0%,0%,0%,0%,0%,0%,0%,0%,0%,0%,0%,0%,0%,0%,0%,0%,0%,0%,0%,0%,0%
,,,,Long Exposure,,,,,,,,,,,,,,,,,,,,,,,,,,,,,,,,,,,,,,,,,,,,,,,,,,,,,,,,,,,
,,,,Long Beta,,,,,,,,,,,,,,,,,,,,,,,,,,,,,,,,,,,,,,,,,,,,,,,,,,,,,,,,,,,
,,,,Short Exposure,,,,,,,,,,,,,,,,,,,,,,,,,,,,,,,,,,,,,,,,,,,,,,,,,,,,,,,,,,,
,,,,Short Beta,,,,,,,,,,,,,,,,,,,,,,,,,,,,,,,,,,,,,,,,,,,,,,,,,,,,,,,,,,,
,,,0,Beta Adj Exposure,0%,0%,0%,0%,0%,0%,0%,0%,0%,0%,0%,0%,0%,0%,0%,0%,0%,0%,0%,0%,0%,0%,0%,0%,0%,0%,0%,0%,0%,0%,0%,0%,0%,0%,0%,0%,0%,0%,0%,0%,0%,0%,0%,0%,0%,0%,0%,0%,0%,0%,0%,0%,0%,0%,0%,0%,0%,0%,0%
,,,,Long Exposure,,,,,,,,,,,,,,,,,,,,,,,,,,,,,,,,,,,,,,,,,,,,,,,,,,,,,,,,,,,
,,,,Long Beta,,,,,,,,,,,,,,,,,,,,,,,,,,,,,,,,,,,,,,,,,,,,,,,,,,,,,,,,,,,
,,,,Short Exposure,,,,,,,,,,,,,,,,,,,,,,,,,,,,,,,,,,,,,,,,,,,,,,,,,,,,,,,,,,,
,,,,Short Beta,,,,,,,,,,,,,,,,,,,,,,,,,,,,,,,,,,,,,,,,,,,,,,,,,,,,,,,,,,,
,,,0,Beta Adj Exposure,0%,0%,0%,0%,0%,0%,0%,0%,0%,0%,0%,0%,0%,0%,0%,0%,0%,0%,0%,0%,0%,0%,0%,0%,0%,0%,0%,0%,0%,0%,0%,0%,0%,0%,0%,0%,0%,0%,0%,0%,0%,0%,0%,0%,0%,0%,0%,0%,0%,0%,0%,0%,0%,0%,0%,0%,0%,0%,0%
,,,,Long Exposure,,,,,,,,,,,,,,,,,,,,,,,,,,,,,,,,,,,,,,,,,,,,,,,,,,,,,,,,,,,
,,,,Long Beta,,,,,,,,,,,,,,,,,,,,,,,,,,,,,,,,,,,,,,,,,,,,,,,,,,,,,,,,,,,
,,,,Short Exposure,,,,,,,,,,,,,,,,,,,,,,,,,,,,,,,,,,,,,,,,,,,,,,,,,,,,,,,,,,,
,,,,Short Beta,,,,,,,,,,,,,,,,,,,,,,,,,,,,,,,,,,,,,,,,,,,,,,,,,,,,,,,,,,,
,,,0,Beta Adj Exposure,0%,0%,0%,0%,0%,0%,0%,0%,0%,0%,0%,0%,0%,0%,0%,0%,0%,0%,0%,0%,0%,0%,0%,0%,0%,0%,0%,0%,0%,0%,0%,0%,0%,0%,0%,0%,0%,0%,0%,0%,0%,0%,0%,0%,0%,0%,0%,0%,0%,0%,0%,0%,0%,0%,0%,0%,0%,0%,0%
,,,,Long Exposure,,,,,,,,,,,,,,,,,,,,,,,,,,,,,,,,,,,,,,,,,,,,,,,,,,,,,,,,,,,
,,,,Long Beta,,,,,,,,,,,,,,,,,,,,,,,,,,,,,,,,,,,,,,,,,,,,,,,,,,,,,,,,,,,
,,,,Short Exposure,,,,,,,,,,,,,,,,,,,,,,,,,,,,,,,,,,,,,,,,,,,,,,,,,,,,,,,,,,,
,,,,Short Beta,,,,,,,,,,,,,,,,,,,,,,,,,,,,,,,,,,,,,,,,,,,,,,,,,,,,,,,,,,,
,,,0,Beta Adj Exposure,0%,0%,0%,0%,0%,0%,0%,0%,0%,0%,0%,0%,0%,0%,0%,0%,0%,0%,0%,0%,0%,0%,0%,0%,0%,0%,0%,0%,0%,0%,0%,0%,0%,0%,0%,0%,0%,0%,0%,0%,0%,0%,0%,0%,0%,0%,0%,0%,0%,0%,0%,0%,0%,0%,0%,0%,0%,0%,0%
,,,,Long Exposure,,,,,,,,,,,,,,,,,,,,,,,,,,,,,,,,,,,,,,,,,,,,,,,,,,,,,,,,,,,
,,,,Long Beta,,,,,,,,,,,,,,,,,,,,,,,,,,,,,,,,,,,,,,,,,,,,,,,,,,,,,,,,,,,
,,,,Short Exposure,,,,,,,,,,,,,,,,,,,,,,,,,,,,,,,,,,,,,,,,,,,,,,,,,,,,,,,,,,,
,,,,Short Beta,,,,,,,,,,,,,,,,,,,,,,,,,,,,,,,,,,,,,,,,,,,,,,,,,,,,,,,,,,,
,,,,Beta Adj Exposure,0%,0%,0%,0%,0%,0%,0%,0%,0%,0%,0%,0%,0%,0%,0%,0%,0%,0%,0%,0%,0%,0%,0%,0%,0%,0%,0%,0%,0%,0%,0%,0%,0%,0%,0%,0%,0%,0%,0%,0%,0%,0%,0%,0%,0%,0%,0%,0%,0%,0%,0%,0%,0%,0%,0%,0%,0%,0%,0%
,,,,Long Exposure,,,,,,,,,,,,,,,,,,,,,,,,,,,,,,,,,,,,,,,,,,,,,,,,,,,,,,,,,,,
,,,,Long Beta,,,,,,,,,,,,,,,,,,,,,,,,,,,,,,,,,,,,,,,,,,,,,,,,,,,,,,,,,,,
,,,,Short Exposure,,,,,,,,,,,,,,,,,,,,,,,,,,,,,,,,,,,,,,,,,,,,,,,,,,,,,,,,,,,
,,,,Short Beta,,,,,,,,,,,,,,,,,,,,,,,,,,,,,,,,,,,,,,,,,,,,,,,,,,,,,,,,,,,
,,,,Beta Adj Exposure,0%,0%,0%,0%,0%,0%,0%,0%,0%,0%,0%,0%,0%,0%,0%,0%,0%,0%,0%,0%,0%,0%,0%,0%,0%,0%,0%,0%,0%,0%,0%,0%,0%,0%,0%,0%,0%,0%,0%,0%,0%,0%,0%,0%,0%,0%,0%,0%,0%,0%,0%,0%,0%,0%,0%,0%,0%,0%,0%
,,,,Long Exposure,,,,,,,,,,,,,,,,,,,,,,,,,,,,,,,,,,,,,,,,,,,,,,,,,,,,,,,,,,,
,,,,Long Beta,,,,,,,,,,,,,,,,,,,,,,,,,,,,,,,,,,,,,,,,,,,,,,,,,,,,,,,,,,,
,,,,Short Exposure,,,,,,,,,,,,,,,,,,,,,,,,,,,,,,,,,,,,,,,,,,,,,,,,,,,,,,,,,,,
,,,,Short Beta,,,,,,,,,,,,,,,,,,,,,,,,,,,,,,,,,,,,,,,,,,,,,,,,,,,,,,,,,,,
,,,,Beta Adj Exposure,0%,0%,0%,0%,0%,0%,0%,0%,0%,0%,0%,0%,0%,0%,0%,0%,0%,0%,0%,0%,0%,0%,0%,0%,0%,0%,0%,0%,0%,0%,0%,0%,0%,0%,0%,0%,0%,0%,0%,0%,0%,0%,0%,0%,0%,0%,0%,0%,0%,0%,0%,0%,0%,0%,0%,0%,0%,0%,0%
,,,,Long Exposure,,,,,,,,,,,,,,,,,,,,,,,,,,,,,,,,,,,,,,,,,,,,,,,,,,,,,,,,,,,
,,,,Long Beta,,,,,,,,,,,,,,,,,,,,,,,,,,,,,,,,,,,,,,,,,,,,,,,,,,,,,,,,,,,
,,,,Short Exposure,,,,,,,,,,,,,,,,,,,,,,,,,,,,,,,,,,,,,,,,,,,,,,,,,,,,,,,,,,,
,,,,Short Beta,,,,,,,,,,,,,,,,,,,,,,,,,,,,,,,,,,,,,,,,,,,,,,,,,,,,,,,,,,,
,,,,Beta Adj Exposure,0%,0%,0%,0%,0%,0%,0%,0%,0%,0%,0%,0%,0%,0%,0%,0%,0%,,0%,0%,0%,0%,0%,0%,0%,0%,0%,0%,0%,0%,0%,0%,0%,0%,0%,0%,0%,0%,0%,0%,0%,0%,0%,0%,0%,0%,0%,0%,0%,0%,0%,0%,0%,0%,0%,0%,0%,0%,0%
