Reporting Account Number,Reporting Account Name,Source Account Number,Source Account Name,As Of Date,Base Currency Code,Target Currency Code,Asset Type Name,Purchases,Sales,Total Market Value,Cap Market Value,Total Monthly Return,Cap Monthly Return,Return Due To Income,Total Index Value,Cap Index Value,Report ID,Begin Date,Legacy Currency,Euro Conversion Date
KSBG250NOT00,Total Developed Mkt Notional,KSBG250NOT00,Total Developed Mkt Notional,20210131,USD,USD,TOTAL NET OF FEES,23959168,156212915,1431698843,1431685508,-1.4367,-1.4375,0.0007,98.5633,98.5625,RAM532,20210131,,
KSBG250NOT00,Total Developed Mkt Notional,KSBF70093002,Oasis Japan,20210131,USD,USD,TOTAL NET OF FEES,0,0,57430350.6,57430350.6,1.7266,1.7266,0,101.7266,101.7266,RAM532,20210131,,
KSBG250NOT00,Total Developed Mkt Notional,KSBF70076002,Biotechnology Value Fund,20210131,USD,USD,TOTAL NET OF FEES,0,0,327141669.3,327141669.3,4.2026,4.2026,0,104.2026,104.2026,RAM532,20210131,,
KSBG250NOT00,Total Developed Mkt Notional,KSBF70010002,TCI Fund,20210131,USD,USD,TOTAL NET OF FEES,0,26952000,265690346.4,265690346.4,-4.7454,-4.7454,0,95.2546,95.2546,RAM532,20210131,,
KSBG250NOT00,Total Developed Mkt Notional,KSBF35013002,Deccan,20210131,USD,USD,TOTAL NET OF FEES,0,0,140380128.8,140380128.8,-2.1055,-2.1055,0,97.8945,97.8945,RAM532,20210131,,
KSBG250NOT00,Total Developed Mkt Notional,KSBF35011002,Cantillon,20210131,USD,USD,TOTAL NET OF FEES,0,0,99941355.36,99941355.36,-1.4554,-1.4554,0,98.5446,98.5446,RAM532,20210131,,
KSBG250NOT00,Total Developed Mkt Notional,KSBF35010002,IVA LLC,20210131,USD,USD,TOTAL NET OF FEES,0,0,13334.17,0,-0.8227,0,-0.8227,99.1773,100,RAM532,20210131,,
KSBG250NOT00,Total Developed Mkt Notional,KSBF30027002,Blacksheep Fund,20210131,USD,USD,TOTAL NET OF FEES,0,0,32790427.72,32790427.72,-3.6923,-3.6923,0,96.3077,96.3077,RAM532,20210131,,
KSBG250NOT00,Total Developed Mkt Notional,KSBF20020002,AKO European,20210131,USD,USD,TOTAL NET OF FEES,0,0,142557500,142557500,-1.9583,-1.9583,0,98.0417,98.0417,RAM532,20210131,,
KSBG250NOT00,Total Developed Mkt Notional,KSBF20019002,Dynamo Fund LLC,20210131,USD,USD,TOTAL NET OF FEES,0,0,72672175.35,72672175.35,-3.7481,-3.7481,0,96.2519,96.2519,RAM532,20210131,,
KSBG250NOT00,Total Developed Mkt Notional,KSBF20018002,Kamvus,20210131,USD,USD,TOTAL NET OF FEES,0,0,147988193.1,147988193.1,-4.1306,-4.1306,0,95.8694,95.8694,RAM532,20210131,,
KSBG250NOT00,Total Developed Mkt Notional,KSBF20017002,Cevian Capital II LTD,20210131,USD,USD,TOTAL NET OF FEES,0,0,0,0,0,0,0,100,100,RAM532,20210131,,
KSBG250NOT00,Total Developed Mkt Notional,KSBF20016002,Non-US Equity Beta,20210131,USD,USD,TOTAL NET OF FEES,0,0,0,0,0,0,0,100,100,RAM532,20210131,,
KSBG250NOT00,Total Developed Mkt Notional,KSBF20012002,Morgan Stanley Global,20210131,USD,USD,TOTAL NET OF FEES,0,0,2343.75,2343.75,4.0826,-1.4357,5.5183,104.0826,98.5643,RAM532,20210131,,
KSBG250NOT00,Total Developed Mkt Notional,KSBF19010002,US Equity Beta,20210131,USD,USD,TOTAL NET OF FEES,23959168,29260915,1859674.84,1859674.84,-144.6283,-144.621,-0.0073,-44.6283,-44.621,RAM532,20210131,,
KSBG250NOT00,Total Developed Mkt Notional,KSBF1901N002,US Equity Beta Notional,20210131,USD,USD,TOTAL NET OF FEES,0,0,-428883974.8,-428883974.8,0,0,0,100,100,RAM532,20210131,,
KSBG250NOT00,Total Developed Mkt Notional,KSBF15011102,Misc Equity,20210131,USD,USD,TOTAL NET OF FEES,0,0,17130.44,17130.44,64.0847,-8.9285,73.0132,164.0847,91.0715,RAM532,20210131,,
KSBG250NOT00,Total Developed Mkt Notional,KSBF10023002,Whale Rock,20210131,USD,USD,TOTAL NET OF FEES,0,0,211671806.6,211671806.6,1.4797,1.4797,0,101.4797,101.4797,RAM532,20210131,,
KSBG250NOT00,Total Developed Mkt Notional,KSBF10022002,Stockbridge Fund LP,20210131,USD,USD,TOTAL NET OF FEES,0,0,70002668.03,70002668.03,-5.142,-5.142,0,94.858,94.858,RAM532,20210131,,
KSBG250NOT00,Total Developed Mkt Notional,KSBF10021002,Whitespruce Fund,20210131,USD,USD,TOTAL NET OF FEES,0,0,129218786,129218786,-6.3432,-6.3432,0,93.6568,93.6568,RAM532,20210131,,
KSBG250NOT00,Total Developed Mkt Notional,KSBF10010002,Adage,20210131,USD,USD,TOTAL NET OF FEES,0,100000000,161204927,161204927,-1.1162,-1.1162,0,98.8838,98.8838,RAM532,20210131,,
KSBG25000000,Total Developed Mkt,KSBG25000000,Total Developed Mkt,20210131,USD,USD,TOTAL NET OF FEES,23959168,156212915,1860582817,1860569483,-1.1607,-1.1613,0.0005,98.8393,98.8387,RAM532,20210131,,
KSBG25000000,Total Developed Mkt,KSBF70093002,Oasis Japan,20210131,USD,USD,TOTAL NET OF FEES,0,0,57430350.6,57430350.6,1.7266,1.7266,0,101.7266,101.7266,RAM532,20210131,,
KSBG25000000,Total Developed Mkt,KSBF70076002,Biotechnology Value Fund,20210131,USD,USD,TOTAL NET OF FEES,0,0,327141669.3,327141669.3,4.2026,4.2026,0,104.2026,104.2026,RAM532,20210131,,
KSBG25000000,Total Developed Mkt,KSBF70010002,TCI Fund,20210131,USD,USD,TOTAL NET OF FEES,0,26952000,265690346.4,265690346.4,-4.7454,-4.7454,0,95.2546,95.2546,RAM532,20210131,,
KSBG25000000,Total Developed Mkt,KSBF35013002,Deccan,20210131,USD,USD,TOTAL NET OF FEES,0,0,140380128.8,140380128.8,-2.1055,-2.1055,0,97.8945,97.8945,RAM532,20210131,,
KSBG25000000,Total Developed Mkt,KSBF35011002,Cantillon,20210131,USD,USD,TOTAL NET OF FEES,0,0,99941355.36,99941355.36,-1.4554,-1.4554,0,98.5446,98.5446,RAM532,20210131,,
KSBG25000000,Total Developed Mkt,KSBF35010002,IVA LLC,20210131,USD,USD,TOTAL NET OF FEES,0,0,13334.17,0,-0.8227,0,-0.8227,99.1773,100,RAM532,20210131,,
KSBG25000000,Total Developed Mkt,KSBF30027002,Blacksheep Fund,20210131,USD,USD,TOTAL NET OF FEES,0,0,32790427.72,32790427.72,-3.6923,-3.6923,0,96.3077,96.3077,RAM532,20210131,,
KSBG25000000,Total Developed Mkt,KSBF20020002,AKO European,20210131,USD,USD,TOTAL NET OF FEES,0,0,142557500,142557500,-1.9583,-1.9583,0,98.0417,98.0417,RAM532,20210131,,
KSBG25000000,Total Developed Mkt,KSBF20019002,Dynamo Fund LLC,20210131,USD,USD,TOTAL NET OF FEES,0,0,72672175.35,72672175.35,-3.7481,-3.7481,0,96.2519,96.2519,RAM532,20210131,,
KSBG25000000,Total Developed Mkt,KSBF20018002,Kamvus,20210131,USD,USD,TOTAL NET OF FEES,0,0,147988193.1,147988193.1,-4.1306,-4.1306,0,95.8694,95.8694,RAM532,20210131,,
KSBG25000000,Total Developed Mkt,KSBF20017002,Cevian Capital II LTD,20210131,USD,USD,TOTAL NET OF FEES,0,0,0,0,0,0,0,100,100,RAM532,20210131,,
KSBG25000000,Total Developed Mkt,KSBF20016002,Non-US Equity Beta,20210131,USD,USD,TOTAL NET OF FEES,0,0,0,0,0,0,0,100,100,RAM532,20210131,,
KSBG25000000,Total Developed Mkt,KSBF20012002,Morgan Stanley Global,20210131,USD,USD,TOTAL NET OF FEES,0,0,2343.75,2343.75,4.0826,-1.4357,5.5183,104.0826,98.5643,RAM532,20210131,,
KSBG25000000,Total Developed Mkt,KSBF19010002,US Equity Beta,20210131,USD,USD,TOTAL NET OF FEES,23959168,29260915,1859674.84,1859674.84,-144.6283,-144.621,-0.0073,-44.6283,-44.621,RAM532,20210131,,
KSBG25000000,Total Developed Mkt,KSBF15011102,Misc Equity,20210131,USD,USD,TOTAL NET OF FEES,0,0,17130.44,17130.44,64.0847,-8.9285,73.0132,164.0847,91.0715,RAM532,20210131,,
KSBG25000000,Total Developed Mkt,KSBF10023002,Whale Rock,20210131,USD,USD,TOTAL NET OF FEES,0,0,211671806.6,211671806.6,1.4797,1.4797,0,101.4797,101.4797,RAM532,20210131,,
KSBG25000000,Total Developed Mkt,KSBF10022002,Stockbridge Fund LP,20210131,USD,USD,TOTAL NET OF FEES,0,0,70002668.03,70002668.03,-5.142,-5.142,0,94.858,94.858,RAM532,20210131,,
KSBG25000000,Total Developed Mkt,KSBF10021002,Whitespruce Fund,20210131,USD,USD,TOTAL NET OF FEES,0,0,129218786,129218786,-6.3432,-6.3432,0,93.6568,93.6568,RAM532,20210131,,
KSBG25000000,Total Developed Mkt,KSBF10010002,Adage,20210131,USD,USD,TOTAL NET OF FEES,0,100000000,161204927,161204927,-1.1162,-1.1162,0,98.8838,98.8838,RAM532,20210131,,
KSBG25050000,Developed Markets-Mgr Only,KSBG25050000,Developed Markets-Mgr Only,20210131,USD,USD,TOTAL NET OF FEES,0,126952000,1858723143,1858709808,-1.4694,-1.4701,0.0006,98.5306,98.5299,RAM532,20210131,,
KSBG25050000,Developed Markets-Mgr Only,KSBF70093002,Oasis Japan,20210131,USD,USD,TOTAL NET OF FEES,0,0,57430350.6,57430350.6,1.7266,1.7266,0,101.7266,101.7266,RAM532,20210131,,
KSBG25050000,Developed Markets-Mgr Only,KSBF70076002,Biotechnology Value Fund,20210131,USD,USD,TOTAL NET OF FEES,0,0,327141669.3,327141669.3,4.2026,4.2026,0,104.2026,104.2026,RAM532,20210131,,
KSBG25050000,Developed Markets-Mgr Only,KSBF70010002,TCI Fund,20210131,USD,USD,TOTAL NET OF FEES,0,26952000,265690346.4,265690346.4,-4.7454,-4.7454,0,95.2546,95.2546,RAM532,20210131,,
KSBG25050000,Developed Markets-Mgr Only,KSBF35013002,Deccan,20210131,USD,USD,TOTAL NET OF FEES,0,0,140380128.8,140380128.8,-2.1055,-2.1055,0,97.8945,97.8945,RAM532,20210131,,
KSBG25050000,Developed Markets-Mgr Only,KSBF35011002,Cantillon,20210131,USD,USD,TOTAL NET OF FEES,0,0,99941355.36,99941355.36,-1.4554,-1.4554,0,98.5446,98.5446,RAM532,20210131,,
KSBG25050000,Developed Markets-Mgr Only,KSBF35010002,IVA LLC,20210131,USD,USD,TOTAL NET OF FEES,0,0,13334.17,0,-0.8227,0,-0.8227,99.1773,100,RAM532,20210131,,
KSBG25050000,Developed Markets-Mgr Only,KSBF30027002,Blacksheep Fund,20210131,USD,USD,TOTAL NET OF FEES,0,0,32790427.72,32790427.72,-3.6923,-3.6923,0,96.3077,96.3077,RAM532,20210131,,
KSBG25050000,Developed Markets-Mgr Only,KSBF20020002,AKO European,20210131,USD,USD,TOTAL NET OF FEES,0,0,142557500,142557500,-1.9583,-1.9583,0,98.0417,98.0417,RAM532,20210131,,
KSBG25050000,Developed Markets-Mgr Only,KSBF20019002,Dynamo Fund LLC,20210131,USD,USD,TOTAL NET OF FEES,0,0,72672175.35,72672175.35,-3.7481,-3.7481,0,96.2519,96.2519,RAM532,20210131,,
KSBG25050000,Developed Markets-Mgr Only,KSBF20018002,Kamvus,20210131,USD,USD,TOTAL NET OF FEES,0,0,147988193.1,147988193.1,-4.1306,-4.1306,0,95.8694,95.8694,RAM532,20210131,,
KSBG25050000,Developed Markets-Mgr Only,KSBF20017002,Cevian Capital II LTD,20210131,USD,USD,TOTAL NET OF FEES,0,0,0,0,0,0,0,100,100,RAM532,20210131,,
KSBG25050000,Developed Markets-Mgr Only,KSBF20012002,Morgan Stanley Global,20210131,USD,USD,TOTAL NET OF FEES,0,0,2343.75,2343.75,4.0826,-1.4357,5.5183,104.0826,98.5643,RAM532,20210131,,
KSBG25050000,Developed Markets-Mgr Only,KSBF15011102,Misc Equity,20210131,USD,USD,TOTAL NET OF FEES,0,0,17130.44,17130.44,64.0847,-8.9285,73.0132,164.0847,91.0715,RAM532,20210131,,
KSBG25050000,Developed Markets-Mgr Only,KSBF10023002,Whale Rock,20210131,USD,USD,TOTAL NET OF FEES,0,0,211671806.6,211671806.6,1.4797,1.4797,0,101.4797,101.4797,RAM532,20210131,,
KSBG25050000,Developed Markets-Mgr Only,KSBF10022002,Stockbridge Fund LP,20210131,USD,USD,TOTAL NET OF FEES,0,0,70002668.03,70002668.03,-5.142,-5.142,0,94.858,94.858,RAM532,20210131,,
KSBG25050000,Developed Markets-Mgr Only,KSBF10021002,Whitespruce Fund,20210131,USD,USD,TOTAL NET OF FEES,0,0,129218786,129218786,-6.3432,-6.3432,0,93.6568,93.6568,RAM532,20210131,,
KSBG25050000,Developed Markets-Mgr Only,KSBF10010002,Adage,20210131,USD,USD,TOTAL NET OF FEES,0,100000000,161204927,161204927,-1.1162,-1.1162,0,98.8838,98.8838,RAM532,20210131,,
KSBG33000000,Total Emerging Markets,KSBG33000000,Total Emerging Markets,20210131,USD,USD,TOTAL NET OF FEES,154110,12000000,749413857.8,749413857.8,3.1064,3.1064,0,103.1064,103.1064,RAM532,20210131,,
KSBG33000000,Total Emerging Markets,KSBF30028002,Golden China Fund,20210131,USD,USD,TOTAL NET OF FEES,0,0,115205038.9,115205038.9,5.07,5.07,0,105.07,105.07,RAM532,20210131,,
KSBG33000000,Total Emerging Markets,KSBF30025002,Amansa Feeder Ltd,20210131,USD,USD,TOTAL NET OF FEES,0,0,93858499.59,93858499.59,0.6055,0.6055,0,100.6055,100.6055,RAM532,20210131,,
KSBG33000000,Total Emerging Markets,KSBF30024402,Westbridge SPV-SH II,20210131,USD,USD,TOTAL NET OF FEES,0,0,2970645.79,2970645.79,0,0,0,100,100,RAM532,20210131,,
KSBG33000000,Total Emerging Markets,KSBF30024302,Westbridge Crsovr IV,20210131,USD,USD,TOTAL NET OF FEES,0,0,10748426.6,10748426.6,0,0,0,100,100,RAM532,20210131,,
KSBG33000000,Total Emerging Markets,KSBF30024102,Westbridge SPV SH,20210131,USD,USD,TOTAL NET OF FEES,154110,0,17337493.45,17337493.45,0,0,0,100,100,RAM532,20210131,,
KSBG33000000,Total Emerging Markets,KSBF30024002,"Westbridge Crossover Fund, LLC",20210131,USD,USD,TOTAL NET OF FEES,0,0,28103407.74,28103407.74,0,0,0,100,100,RAM532,20210131,,
KSBG33000000,Total Emerging Markets,KSBF30017102,Hillhouse China VAL,20210131,USD,USD,TOTAL NET OF FEES,0,0,108985198.3,108985198.3,1.5756,1.5756,0,101.5756,101.5756,RAM532,20210131,,
KSBG33000000,Total Emerging Markets,KSBF30017002,Hillhouse Gaoling Fund,20210131,USD,USD,TOTAL NET OF FEES,0,12000000,340450191.4,340450191.4,4.4401,4.4401,0,104.4401,104.4401,RAM532,20210131,,
KSBG33000000,Total Emerging Markets,KSBF30016002,Neon Liberty Lorikeet,20210131,USD,USD,TOTAL NET OF FEES,0,0,32049656.03,32049656.03,0.5078,0.5078,0,100.5078,100.5078,RAM532,20210131,,
KSBG33000000,Total Emerging Markets,KSBF30015002,Westwood Global,20210131,USD,USD,TOTAL NET OF FEES,0,0,-294700,-294700,0,0,0,100,100,RAM532,20210131,,
KSBG44000000,Total US Fixed Income,KSBG44000000,Total US Fixed Income,20210131,USD,USD,TOTAL NET OF FEES,270660532,146085576,367753916,364570935.1,-0.2345,-0.4533,0.2188,99.7655,99.5467,RAM532,20210131,,
KSBG44000000,Total US Fixed Income,KSBF40011002,Payden US Treasury,20210131,USD,USD,TOTAL NET OF FEES,270660532,146085576,367753916,364570935.1,-0.2345,-0.4533,0.2188,99.7655,99.5467,RAM532,20210131,,
KSBG44500000,Total Non-US Fixed Income,KSBG44500000,Total Non-US Fixed Income,20210131,USD,USD,TOTAL NET OF FEES,98690,0,103117.96,20302.56,53.6783,-45.5525,99.2308,153.6783,54.4475,RAM532,20210131,,
KSBG44500000,Total Non-US Fixed Income,KSBF47510102,Payden Rygel Sweep Income,20210131,USD,USD,TOTAL NET OF FEES,98690,0,20302.56,20302.56,-45.5525,-45.5525,0,54.4475,54.4475,RAM532,20210131,,
KSBG44500000,Total Non-US Fixed Income,KSBF45011002,Colchester Global,20210131,USD,USD,TOTAL NET OF FEES,0,0,23934.28,0,0.1788,0,0.1788,100.1788,100,RAM532,20210131,,
KSBG44500000,Total Non-US Fixed Income,KSBF45010002,Brandywine,20210131,USD,USD,TOTAL NET OF FEES,0,0,58881.12,0,0.1788,0,0.1788,100.1788,100,RAM532,20210131,,
KSBG447NOT00,Total Cash Equiv Notional,KSBG447NOT00,Total Cash Equiv Notional,20210131,USD,USD,TOTAL NET OF FEES,341129022,219644688,757623685.1,757621041.7,0.0004,0,0.0004,100.0004,100,RAM532,20210131,,
KSBG447NOT00,Total Cash Equiv Notional,KSBF47519002,US Equity Beta Syn Cash Offset,20210131,USD,USD,TOTAL NET OF FEES,0,0,428883974.8,428883974.8,0,0,0,100,100,RAM532,20210131,,
KSBG447NOT00,Total Cash Equiv Notional,KSBF47500002,Endowment Cash,20210131,USD,USD,TOTAL NET OF FEES,341129022,219644688,328739710.3,328737066.8,0.0008,0,0.0008,100.0008,100,RAM532,20210131,,
KSBG44750000,Total Cash Equivalents,KSBG44750000,Total Cash Equivalents,20210131,USD,USD,TOTAL NET OF FEES,341129022,219644688,328739710.3,328737066.8,0.0008,0,0.0008,100.0008,100,RAM532,20210131,,
KSBG44750000,Total Cash Equivalents,KSBF47500002,Endowment Cash,20210131,USD,USD,TOTAL NET OF FEES,341129022,219644688,328739710.3,328737066.8,0.0008,0,0.0008,100.0008,100,RAM532,20210131,,
KSBG55000000,Total Vent Cap and Priv Equity,KSBG55000000,Total Vent Cap and Priv Equity,20210131,USD,USD,TOTAL NET OF FEES,16332739,17045745,2821159401,2821159174,0.2405,0.0682,0.1723,100.2405,100.0682,RAM532,20210131,,
KSBG55000000,Total Vent Cap and Priv Equity,KSBF55012002,Arsenal Venture Partners II,20210131,USD,USD,TOTAL NET OF FEES,0,0,2808117,2808117,0,0,0,100,100,RAM532,20210131,,
KSBG55000000,Total Vent Cap and Priv Equity,KSBF55011002,Tech Partners VIII-HTI,20210131,USD,USD,TOTAL NET OF FEES,0,0,210768.5,210768.5,0,0,0,100,100,RAM532,20210131,,
KSBG55000000,Total Vent Cap and Priv Equity,KSBF55010102,Startup Capital II,20210131,USD,USD,TOTAL NET OF FEES,0,0,2583081.84,2583081.84,0,0,0,100,100,RAM532,20210131,,
KSBG55000000,Total Vent Cap and Priv Equity,KSBF55010002,Startup Capital Vent,20210131,USD,USD,TOTAL NET OF FEES,0,0,999899.71,999899.71,0,0,0,100,100,RAM532,20210131,,
KSBG55000000,Total Vent Cap and Priv Equity,KSBF50532002,Arch Vent XI,20210131,USD,USD,TOTAL NET OF FEES,1354600,0,1354600,1354600,0,0,0,100,100,RAM532,20210131,,
KSBG55000000,Total Vent Cap and Priv Equity,KSBF50530002,Accel XIV,20210131,USD,USD,TOTAL NET OF FEES,0,0,2185192,2185192,0,0,0,100,100,RAM532,20210131,,
KSBG55000000,Total Vent Cap and Priv Equity,KSBF50529302,GC X Endurance,20210131,USD,USD,TOTAL NET OF FEES,0,0,2250363.57,2250363.57,0,0,0,100,100,RAM532,20210131,,
KSBG55000000,Total Vent Cap and Priv Equity,KSBF50529202,GC X-Growth Venture,20210131,USD,USD,TOTAL NET OF FEES,0,0,5310412.38,5310412.38,0,0,0,100,100,RAM532,20210131,,
KSBG55000000,Total Vent Cap and Priv Equity,KSBF50529102,GC X-Early Venture,20210131,USD,USD,TOTAL NET OF FEES,0,0,2624245.19,2624245.19,0,0,0,100,100,RAM532,20210131,,
KSBG55000000,Total Vent Cap and Priv Equity,KSBF50529002,General Catalyst IX,20210131,USD,USD,TOTAL NET OF FEES,0,0,10606406,10606406,0,0,0,100,100,RAM532,20210131,,
KSBG55000000,Total Vent Cap and Priv Equity,KSBF50528302,Y Combinator ES20,20210131,USD,USD,TOTAL NET OF FEES,0,0,1916178,1916178,0,0,0,100,100,RAM532,20210131,,
KSBG55000000,Total Vent Cap and Priv Equity,KSBF50528202,YCC20 LP Continuity,20210131,USD,USD,TOTAL NET OF FEES,0,0,626178,626178,0,0,0,100,100,RAM532,20210131,,
KSBG55000000,Total Vent Cap and Priv Equity,KSBF50528002,YC II LP,20210131,USD,USD,TOTAL NET OF FEES,0,0,99281479,99281479,0,0,0,100,100,RAM532,20210131,,
KSBG55000000,Total Vent Cap and Priv Equity,KSBF50527102,Initialized Annex,20210131,USD,USD,TOTAL NET OF FEES,0,0,19699143,19699143,0,0,0,100,100,RAM532,20210131,,
KSBG55000000,Total Vent Cap and Priv Equity,KSBF50527002,"Initialized III, L.P.",20210131,USD,USD,TOTAL NET OF FEES,0,0,22652217,22652217,0,0,0,100,100,RAM532,20210131,,
KSBG55000000,Total Vent Cap and Priv Equity,KSBF50526302,Andreessen H Fund VI,20210131,USD,USD,TOTAL NET OF FEES,216000,0,3584499,3584499,-0.6918,-0.6918,0,99.3082,99.3082,RAM532,20210131,,
KSBG55000000,Total Vent Cap and Priv Equity,KSBF50526202,AH LSV Fund I,20210131,USD,USD,TOTAL NET OF FEES,264000,0,9444152,9444152,-0.3877,-0.3877,0,99.6123,99.6123,RAM532,20210131,,
KSBG55000000,Total Vent Cap and Priv Equity,KSBF50526102,AH Parallel Fund VQ LP,20210131,USD,USD,TOTAL NET OF FEES,7167,0,2301595.67,2301595.67,-0.4124,-0.4124,0,99.5876,99.5876,RAM532,20210131,,
KSBG55000000,Total Vent Cap and Priv Equity,KSBF50526002,Andreessen Horowitz Fund VQ LP,20210131,USD,USD,TOTAL NET OF FEES,0,0,3748960.32,3748960.32,0,0,0,100,100,RAM532,20210131,,
KSBG55000000,Total Vent Cap and Priv Equity,KSBF50525002,"Felicis Ventures V, L.P.",20210131,USD,USD,TOTAL NET OF FEES,100000,0,8829907,8829907,0,0,0,100,100,RAM532,20210131,,
KSBG55000000,Total Vent Cap and Priv Equity,KSBF50524102,TI Platform Fund II,20210131,USD,USD,TOTAL NET OF FEES,297000,0,2114074,2114074,-0.9285,-0.9285,0,99.0715,99.0715,RAM532,20210131,,
KSBG55000000,Total Vent Cap and Priv Equity,KSBF50524002,TI Platform Fund I,20210131,USD,USD,TOTAL NET OF FEES,50510,0,5973600,5973600,-0.0553,-0.0553,0,99.9447,99.9447,RAM532,20210131,,
KSBG55000000,Total Vent Cap and Priv Equity,KSBF50523102,CrossCut Ventures 4 LP,20210131,USD,USD,TOTAL NET OF FEES,600000,0,6966507,6966507,0,0,0,100,100,RAM532,20210131,,
KSBG55000000,Total Vent Cap and Priv Equity,KSBF50523002,CrossCut Ventures 3 LP,20210131,USD,USD,TOTAL NET OF FEES,0,0,4684527,4684527,0,0,0,100,100,RAM532,20210131,,
KSBG55000000,Total Vent Cap and Priv Equity,KSBF50522102,A Fund III,20210131,USD,USD,TOTAL NET OF FEES,0,0,1037228,1037228,0,0,0,100,100,RAM532,20210131,,
KSBG55000000,Total Vent Cap and Priv Equity,KSBF50522002,"A-Fund II, L.P.",20210131,USD,USD,TOTAL NET OF FEES,0,0,7843459,7843459,0,0,0,100,100,RAM532,20210131,,
KSBG55000000,Total Vent Cap and Priv Equity,KSBF50521202,Maveron VII,20210131,USD,USD,TOTAL NET OF FEES,0,0,2656858,2656858,0,0,0,100,100,RAM532,20210131,,
KSBG55000000,Total Vent Cap and Priv Equity,KSBF50521102,"Maveron Equity Partners VI, LP",20210131,USD,USD,TOTAL NET OF FEES,0,0,10831622,10831622,0,0,0,100,100,RAM532,20210131,,
KSBG55000000,Total Vent Cap and Priv Equity,KSBF50521002,Maveron Equity Partners V,20210131,USD,USD,TOTAL NET OF FEES,0,0,24403867,24403867,0,0,0,100,100,RAM532,20210131,,
KSBG55000000,Total Vent Cap and Priv Equity,KSBF50520002,Formation 8 Partners Fund II,20210131,USD,USD,TOTAL NET OF FEES,0,0,9868841,9868841,0,0,0,100,100,RAM532,20210131,,
KSBG55000000,Total Vent Cap and Priv Equity,KSBF50519002,Legacy Venture VII,20210131,USD,USD,TOTAL NET OF FEES,0,0,19313403,19313403,0,0,0,100,100,RAM532,20210131,,
KSBG55000000,Total Vent Cap and Priv Equity,KSBF50518402,Thrive VI Growth,20210131,USD,USD,TOTAL NET OF FEES,0,0,5719316.72,5719316.72,0,0,0,100,100,RAM532,20210131,,
KSBG55000000,Total Vent Cap and Priv Equity,KSBF50518302,Thrive VI,20210131,USD,USD,TOTAL NET OF FEES,416838,0,2704565.23,2704565.23,-0.7157,-0.7157,0,99.2843,99.2843,RAM532,20210131,,
KSBG55000000,Total Vent Cap and Priv Equity,KSBF50518202,Thrive Capital Partners V L.P.,20210131,USD,USD,TOTAL NET OF FEES,756682,0,14038368.45,14038368.45,-0.3997,-0.3997,0,99.6003,99.6003,RAM532,20210131,,
KSBG55000000,Total Vent Cap and Priv Equity,KSBF50518102,Thrive Capital Partners IV Sup,20210131,USD,USD,TOTAL NET OF FEES,0,0,918417,918417,0,0,0,100,100,RAM532,20210131,,
KSBG55000000,Total Vent Cap and Priv Equity,KSBF50518002,Thrive Capital Partners IV,20210131,USD,USD,TOTAL NET OF FEES,0,0,2373089,2373089,0,0,0,100,100,RAM532,20210131,,
KSBG55000000,Total Vent Cap and Priv Equity,KSBF50517202,Pear III,20210131,USD,USD,TOTAL NET OF FEES,169000,0,1202769,1202769,-2.9257,-2.9257,0,97.0743,97.0743,RAM532,20210131,,
KSBG55000000,Total Vent Cap and Priv Equity,KSBF50517102,Pear Ventures II,20210131,USD,USD,TOTAL NET OF FEES,0,0,6908426,6908426,0,0,0,100,100,RAM532,20210131,,
KSBG55000000,Total Vent Cap and Priv Equity,KSBF50517002,Pear Ventures I,20210131,USD,USD,TOTAL NET OF FEES,0,0,17248132,17248132,0,0,0,100,100,RAM532,20210131,,
KSBG55000000,Total Vent Cap and Priv Equity,KSBF50516302,Versant Vantage I,20210131,USD,USD,TOTAL NET OF FEES,592977,0,12871582.12,12871582.12,0,0,0,100,100,RAM532,20210131,,
KSBG55000000,Total Vent Cap and Priv Equity,KSBF50516202,Versant VII,20210131,USD,USD,TOTAL NET OF FEES,0,0,10811057.64,10811057.64,0,0,0,100,100,RAM532,20210131,,
KSBG55000000,Total Vent Cap and Priv Equity,KSBF50516102,Versant VI,20210131,USD,USD,TOTAL NET OF FEES,0,0,37608729.39,37608729.39,0,0,0,100,100,RAM532,20210131,,
KSBG55000000,Total Vent Cap and Priv Equity,KSBF50516002,Versant V,20210131,USD,USD,TOTAL NET OF FEES,0,0,29083750.21,29083750.21,0,0,0,100,100,RAM532,20210131,,
KSBG55000000,Total Vent Cap and Priv Equity,KSBF50515102,"5AM Ventures V, L.P.",20210131,USD,USD,TOTAL NET OF FEES,0,0,10043553,10043553,0,0,0,100,100,RAM532,20210131,,
KSBG55000000,Total Vent Cap and Priv Equity,KSBF50515002,5AM IV,20210131,USD,USD,TOTAL NET OF FEES,0,0,20353430.83,20353430.83,0,0,0,100,100,RAM532,20210131,,
KSBG55000000,Total Vent Cap and Priv Equity,KSBF50514802,Sequoia US VC XVII,20210131,USD,USD,TOTAL NET OF FEES,0,0,630000,630000,0,0,0,100,100,RAM532,20210131,,
KSBG55000000,Total Vent Cap and Priv Equity,KSBF50514702,Sequoia US VC XVI,20210131,USD,USD,TOTAL NET OF FEES,0,0,4015792,4015792,0,0,0,100,100,RAM532,20210131,,
KSBG55000000,Total Vent Cap and Priv Equity,KSBF50514602,Sequoia Sct Seed III,20210131,USD,USD,TOTAL NET OF FEES,0,0,1685610,1685610,0,0,0,100,100,RAM532,20210131,,
KSBG55000000,Total Vent Cap and Priv Equity,KSBF50514502,Sequoia US Venture XV,20210131,USD,USD,TOTAL NET OF FEES,30000,0,7317577,7317577,0,0,0,100,100,RAM532,20210131,,
KSBG55000000,Total Vent Cap and Priv Equity,KSBF50514402,Sequoia US Scout 2013,20210131,USD,USD,TOTAL NET OF FEES,0,0,150957,150957,0,0,0,100,100,RAM532,20210131,,
KSBG55000000,Total Vent Cap and Priv Equity,KSBF50514302,Sequoia Venture 2010 Seed,20210131,USD,USD,TOTAL NET OF FEES,0,0,1803812,1803812,0,0,0,100,100,RAM532,20210131,,
KSBG55000000,Total Vent Cap and Priv Equity,KSBF50514202,Sequoia US Venture XIV,20210131,USD,USD,TOTAL NET OF FEES,0,0,19865404,19865404,0,0,0,100,100,RAM532,20210131,,
KSBG55000000,Total Vent Cap and Priv Equity,KSBF50514102,Sequoia US Venture 2010,20210131,USD,USD,TOTAL NET OF FEES,0,0,22916101,22916101,0,0,0,100,100,RAM532,20210131,,
KSBG55000000,Total Vent Cap and Priv Equity,KSBF50513002,InterWest Partners X,20210131,USD,USD,TOTAL NET OF FEES,0,0,10279047.07,10279047.07,0,0,0,100,100,RAM532,20210131,,
KSBG55000000,Total Vent Cap and Priv Equity,KSBF50512102,Zero2IPO China Angel III,20210131,USD,USD,TOTAL NET OF FEES,0,0,4013485,4013485,0,0,0,100,100,RAM532,20210131,,
KSBG55000000,Total Vent Cap and Priv Equity,KSBF50512002,Zero2IPO China II,20210131,USD,USD,TOTAL NET OF FEES,0,0,1298674,1298674,0,0,0,100,100,RAM532,20210131,,
KSBG55000000,Total Vent Cap and Priv Equity,KSBF50511002,Tech Part VIII- VC,20210131,USD,USD,TOTAL NET OF FEES,0,0,210768.5,210768.5,0,0,0,100,100,RAM532,20210131,,
KSBG55000000,Total Vent Cap and Priv Equity,KSBF50510102,TCV VII,20210131,USD,USD,TOTAL NET OF FEES,0,0,6005436.45,6005436.45,0,0,0,100,100,RAM532,20210131,,
KSBG55000000,Total Vent Cap and Priv Equity,KSBF50510002,TCV VI,20210131,USD,USD,TOTAL NET OF FEES,0,0,166020,166020,0,0,0,100,100,RAM532,20210131,,
KSBG55000000,Total Vent Cap and Priv Equity,KSBF50509202,Capital Partners III,20210131,USD,USD,TOTAL NET OF FEES,0,0,24747121,24747121,0,0,0,100,100,RAM532,20210131,,
KSBG55000000,Total Vent Cap and Priv Equity,KSBF50509102,SVB Strategic III,20210131,USD,USD,TOTAL NET OF FEES,0,26226,13838347,13838347,0,-4.3488,4.3488,100,95.6512,RAM532,20210131,,
KSBG55000000,Total Vent Cap and Priv Equity,KSBF50509002,SVB Strategic II,20210131,USD,USD,TOTAL NET OF FEES,0,0,4780789,4780789,0,0,0,100,100,RAM532,20210131,,
KSBG55000000,Total Vent Cap and Priv Equity,KSBF50508202,Sanderling VII,20210131,USD,USD,TOTAL NET OF FEES,0,0,8041685,8041685,0,0,0,100,100,RAM532,20210131,,
KSBG55000000,Total Vent Cap and Priv Equity,KSBF50508102,Sanderling VI Co-Investment,20210131,USD,USD,TOTAL NET OF FEES,0,0,1979421,1979421,0,0,0,100,100,RAM532,20210131,,
KSBG55000000,Total Vent Cap and Priv Equity,KSBF50508002,Sanderling VI,20210131,USD,USD,TOTAL NET OF FEES,0,0,4336480,4336480,0,0,0,100,100,RAM532,20210131,,
KSBG55000000,Total Vent Cap and Priv Equity,KSBF50507402,Polaris IX,20210131,USD,USD,TOTAL NET OF FEES,0,0,2729856,2729856,0,0,0,100,100,RAM532,20210131,,
KSBG55000000,Total Vent Cap and Priv Equity,KSBF50507302,Polaris VIII,20210131,USD,USD,TOTAL NET OF FEES,0,0,18077291,18077291,0,0,0,100,100,RAM532,20210131,,
KSBG55000000,Total Vent Cap and Priv Equity,KSBF50507202,Polaris VII,20210131,USD,USD,TOTAL NET OF FEES,0,0,26013361,26013361,0,0,0,100,100,RAM532,20210131,,
KSBG55000000,Total Vent Cap and Priv Equity,KSBF50507102,Polaris VI,20210131,USD,USD,TOTAL NET OF FEES,0,0,6920549,6920549,0,0,0,100,100,RAM532,20210131,,
KSBG55000000,Total Vent Cap and Priv Equity,KSBF50507002,Polaris V,20210131,USD,USD,TOTAL NET OF FEES,0,0,2588898.22,2588898.22,0,0,0,100,100,RAM532,20210131,,
KSBG55000000,Total Vent Cap and Priv Equity,KSBF50506002,New Leaf Vent II,20210131,USD,USD,TOTAL NET OF FEES,0,0,1604324,1604324,0,0,0,100,100,RAM532,20210131,,
KSBG55000000,Total Vent Cap and Priv Equity,KSBF50505002,Knightsbridge VI,20210131,USD,USD,TOTAL NET OF FEES,0,0,2352172,2352172,0,-19.5611,19.5611,100,80.4389,RAM532,20210131,,
KSBG55000000,Total Vent Cap and Priv Equity,KSBF50504502,Highland Capital 9,20210131,USD,USD,TOTAL NET OF FEES,0,0,19729430.09,19729430.09,0,0,0,100,100,RAM532,20210131,,
KSBG55000000,Total Vent Cap and Priv Equity,KSBF50504402,Highland Capital VIII,20210131,USD,USD,TOTAL NET OF FEES,0,0,5708139,5708139,0,0,0,100,100,RAM532,20210131,,
KSBG55000000,Total Vent Cap and Priv Equity,KSBF50504302,Highland Capital VII,20210131,USD,USD,TOTAL NET OF FEES,0,0,2943540.05,2943540.05,0,0,0,100,100,RAM532,20210131,,
KSBG55000000,Total Vent Cap and Priv Equity,KSBF50504202,Highland Capital VI,20210131,USD,USD,TOTAL NET OF FEES,0,0,70868,70868,0,0,0,100,100,RAM532,20210131,,
KSBG55000000,Total Vent Cap and Priv Equity,KSBF50504102,Highland Capital V,20210131,USD,USD,TOTAL NET OF FEES,0,0,0.01,0.01,0,0,0,100,100,RAM532,20210131,,
KSBG55000000,Total Vent Cap and Priv Equity,KSBF50504002,Highland Capital IV,20210131,USD,USD,TOTAL NET OF FEES,0,0,0.01,0.01,0,0,0,100,100,RAM532,20210131,,
KSBG55000000,Total Vent Cap and Priv Equity,KSBF50503002,FTV III LP,20210131,USD,USD,TOTAL NET OF FEES,0,0,2497113.9,2497113.9,0,0,0,100,100,RAM532,20210131,,
KSBG55000000,Total Vent Cap and Priv Equity,KSBF50502602,Founders Fund VII,20210131,USD,USD,TOTAL NET OF FEES,0,0,5056263,5056263,0,0,0,100,100,RAM532,20210131,,
KSBG55000000,Total Vent Cap and Priv Equity,KSBF50502502,Lembas II,20210131,USD,USD,TOTAL NET OF FEES,0,0,18497368,18497368,0,0,0,100,100,RAM532,20210131,,
KSBG55000000,Total Vent Cap and Priv Equity,KSBF50502402,The Founders Fund VI,20210131,USD,USD,TOTAL NET OF FEES,0,0,22879376,22879376,0,0,0,100,100,RAM532,20210131,,
KSBG55000000,Total Vent Cap and Priv Equity,KSBF50502302,Founders Fund V,20210131,USD,USD,TOTAL NET OF FEES,0,0,44043183,44043183,0,0,0,100,100,RAM532,20210131,,
KSBG55000000,Total Vent Cap and Priv Equity,KSBF50502202,Founders Fund IV,20210131,USD,USD,TOTAL NET OF FEES,0,0,32058095.04,32058095.04,0,0,0,100,100,RAM532,20210131,,
KSBG55000000,Total Vent Cap and Priv Equity,KSBF50502102,Founders Fund III,20210131,USD,USD,TOTAL NET OF FEES,0,0,22245311,22245311,0,0,0,100,100,RAM532,20210131,,
KSBG55000000,Total Vent Cap and Priv Equity,KSBF50502002,Founders Fund II,20210131,USD,USD,TOTAL NET OF FEES,0,0,76114121,76114121,0,0,0,100,100,RAM532,20210131,,
KSBG55000000,Total Vent Cap and Priv Equity,KSBF50501402,CRV XVII,20210131,USD,USD,TOTAL NET OF FEES,750000,0,10841520,10841520,0,0,0,100,100,RAM532,20210131,,
KSBG55000000,Total Vent Cap and Priv Equity,KSBF50501302,Charles River XVI,20210131,USD,USD,TOTAL NET OF FEES,0,0,27549570.7,27549570.7,0,0,0,100,100,RAM532,20210131,,
KSBG55000000,Total Vent Cap and Priv Equity,KSBF50501202,Charles River XV,20210131,USD,USD,TOTAL NET OF FEES,0,0,17966277,17966277,0,0,0,100,100,RAM532,20210131,,
KSBG55000000,Total Vent Cap and Priv Equity,KSBF50501102,Charles River XIV,20210131,USD,USD,TOTAL NET OF FEES,0,0,2557722,2557722,0,0,0,100,100,RAM532,20210131,,
KSBG55000000,Total Vent Cap and Priv Equity,KSBF50501002,Charles River XIII,20210131,USD,USD,TOTAL NET OF FEES,0,0,869465,869465,0,0,0,100,100,RAM532,20210131,,
KSBG55000000,Total Vent Cap and Priv Equity,KSBF50500002,Champion Ventures III,20210131,USD,USD,TOTAL NET OF FEES,0,0,1596390,1596390,0,0,0,100,100,RAM532,20210131,,
KSBG55000000,Total Vent Cap and Priv Equity,KSBF50181002,Saama Capital IV,20210131,USD,USD,TOTAL NET OF FEES,0,0,4234291,4234291,0,0,0,100,100,RAM532,20210131,,
KSBG55000000,Total Vent Cap and Priv Equity,KSBF50180002,Alphax Partners I,20210131,USD,USD,TOTAL NET OF FEES,0,0,6096248.3,6096248.3,0,0,0,100,100,RAM532,20210131,,
KSBG55000000,Total Vent Cap and Priv Equity,KSBF50179002,Northern Light V,20210131,USD,USD,TOTAL NET OF FEES,1495000,0,21327660,21327660,0,0,0,100,100,RAM532,20210131,,
KSBG55000000,Total Vent Cap and Priv Equity,KSBF50178302,83North FXV III,20210131,USD,USD,TOTAL NET OF FEES,0,0,2000281,2000281,0,0,0,100,100,RAM532,20210131,,
KSBG55000000,Total Vent Cap and Priv Equity,KSBF50178202,83North FXV LP,20210131,USD,USD,TOTAL NET OF FEES,0,0,2930853,2930853,0,0,0,100,100,RAM532,20210131,,
KSBG55000000,Total Vent Cap and Priv Equity,KSBF50178102,83NORTH V,20210131,USD,USD,TOTAL NET OF FEES,0,0,2546464,2546464,0,0,0,100,100,RAM532,20210131,,
KSBG55000000,Total Vent Cap and Priv Equity,KSBF50178002,83North IV LP,20210131,USD,USD,TOTAL NET OF FEES,0,0,5050194,5050194,0,0,0,100,100,RAM532,20210131,,
KSBG55000000,Total Vent Cap and Priv Equity,KSBF50177602,Accel India VI,20210131,USD,USD,TOTAL NET OF FEES,0,0,1762586,1762586,0,0,0,100,100,RAM532,20210131,,
KSBG55000000,Total Vent Cap and Priv Equity,KSBF50177502,Accel Leaders II,20210131,USD,USD,TOTAL NET OF FEES,0,0,2976136,2976136,0,0,0,100,100,RAM532,20210131,,
KSBG55000000,Total Vent Cap and Priv Equity,KSBF50177402,Accel Growth V,20210131,USD,USD,TOTAL NET OF FEES,0,0,5371523,5371523,0,0,0,100,100,RAM532,20210131,,
KSBG55000000,Total Vent Cap and Priv Equity,KSBF50177302,Accel India V,20210131,USD,USD,TOTAL NET OF FEES,0,0,7287381,7287381,0,0,0,100,100,RAM532,20210131,,
KSBG55000000,Total Vent Cap and Priv Equity,KSBF50177202,Accel Leaders Fund,20210131,USD,USD,TOTAL NET OF FEES,0,0,4423291.04,4423291.04,0,0,0,100,100,RAM532,20210131,,
KSBG55000000,Total Vent Cap and Priv Equity,KSBF50177102,Accel Growth Fund IV,20210131,USD,USD,TOTAL NET OF FEES,0,0,7661429.52,7661429.52,0,0,0,100,100,RAM532,20210131,,
KSBG55000000,Total Vent Cap and Priv Equity,KSBF50177002,Accel XIII,20210131,USD,USD,TOTAL NET OF FEES,0,0,2477414,2477414,0,0,0,100,100,RAM532,20210131,,
KSBG55000000,Total Vent Cap and Priv Equity,KSBF50176502,GGV Discovery II,20210131,USD,USD,TOTAL NET OF FEES,786363,0,6969705.45,6969705.45,-0.9155,-0.9155,0,99.0845,99.0845,RAM532,20210131,,
KSBG55000000,Total Vent Cap and Priv Equity,KSBF50176402,GGV VII Plus,20210131,USD,USD,TOTAL NET OF FEES,29707,0,2187827.4,2187827.4,-0.0135,-0.0135,0,99.9865,99.9865,RAM532,20210131,,
KSBG55000000,Total Vent Cap and Priv Equity,KSBF50176302,GGV VII,20210131,USD,USD,TOTAL NET OF FEES,0,0,8649357.14,8649357.14,0,0,0,100,100,RAM532,20210131,,
KSBG55000000,Total Vent Cap and Priv Equity,KSBF50176202,GGV Discovery I,20210131,USD,USD,TOTAL NET OF FEES,34844,0,1318188.28,1318188.28,-0.0119,-0.0119,0,99.9881,99.9881,RAM532,20210131,,
KSBG55000000,Total Vent Cap and Priv Equity,KSBF50176102,GGV VI Plus,20210131,USD,USD,TOTAL NET OF FEES,0,0,1956732.82,1956732.82,0,0,0,100,100,RAM532,20210131,,
KSBG55000000,Total Vent Cap and Priv Equity,KSBF50176002,GGV VI,20210131,USD,USD,TOTAL NET OF FEES,0,0,7082991.64,7082991.64,0,0,0,100,100,RAM532,20210131,,
KSBG55000000,Total Vent Cap and Priv Equity,KSBF50175002,Shamrock Cap Cont I,20210131,USD,USD,TOTAL NET OF FEES,0,335252,10032391.68,10032391.68,-0.7909,-0.7909,0,99.2091,99.2091,RAM532,20210131,,
KSBG55000000,Total Vent Cap and Priv Equity,KSBF50174302,SEQ GBL III China,20210131,USD,USD,TOTAL NET OF FEES,0,0,876716,876716,0,0,0,100,100,RAM532,20210131,,
KSBG55000000,Total Vent Cap and Priv Equity,KSBF50174202,Seq Gbl III US India,20210131,USD,USD,TOTAL NET OF FEES,0,0,633394,633394,0,0,0,100,100,RAM532,20210131,,
KSBG55000000,Total Vent Cap and Priv Equity,KSBF50174102,Sequoia GLB GRTH III,20210131,USD,USD,TOTAL NET OF FEES,390073,0,22329398,22329398,0,0,0,100,100,RAM532,20210131,,
KSBG55000000,Total Vent Cap and Priv Equity,KSBF50174002,Sequoia Cap Gbl Growth Fund II,20210131,USD,USD,TOTAL NET OF FEES,0,0,69751822.88,69751822.88,0,0,0,100,100,RAM532,20210131,,
KSBG55000000,Total Vent Cap and Priv Equity,KSBF50172302,Seq India VC VII,20210131,USD,USD,TOTAL NET OF FEES,0,0,426796,426796,0,0,0,100,100,RAM532,20210131,,
KSBG55000000,Total Vent Cap and Priv Equity,KSBF50172202,Seq India Gr III,20210131,USD,USD,TOTAL NET OF FEES,0,0,413254,413254,0,0,0,100,100,RAM532,20210131,,
KSBG55000000,Total Vent Cap and Priv Equity,KSBF50172102,Sequoia India Seed I,20210131,USD,USD,TOTAL NET OF FEES,0,0,987922,987922,0,0,0,100,100,RAM532,20210131,,
KSBG55000000,Total Vent Cap and Priv Equity,KSBF50172002,Sequoia India VC VI,20210131,USD,USD,TOTAL NET OF FEES,0,0,6934262,6934262,0,0,0,100,100,RAM532,20210131,,
KSBG55000000,Total Vent Cap and Priv Equity,KSBF50171702,Seq China Seed II,20210131,USD,USD,TOTAL NET OF FEES,0,0,292013,292013,0,0,0,100,100,RAM532,20210131,,
KSBG55000000,Total Vent Cap and Priv Equity,KSBF50171602,Seq China VC VIII,20210131,USD,USD,TOTAL NET OF FEES,0,0,1475462,1475462,0,0,0,100,100,RAM532,20210131,,
KSBG55000000,Total Vent Cap and Priv Equity,KSBF50171502,Seq China Gr VI,20210131,USD,USD,TOTAL NET OF FEES,0,0,3921222,3921222,0,0,0,100,100,RAM532,20210131,,
KSBG55000000,Total Vent Cap and Priv Equity,KSBF50171402,Sequoia China GR V,20210131,USD,USD,TOTAL NET OF FEES,0,0,20142424,20142424,0,0,0,100,100,RAM532,20210131,,
KSBG55000000,Total Vent Cap and Priv Equity,KSBF50171302,Sequoia China VC VII,20210131,USD,USD,TOTAL NET OF FEES,0,0,7468515,7468515,0,0,0,100,100,RAM532,20210131,,
KSBG55000000,Total Vent Cap and Priv Equity,KSBF50171202,Sequoia China Seed I,20210131,USD,USD,TOTAL NET OF FEES,0,0,1740510,1740510,0,0,0,100,100,RAM532,20210131,,
KSBG55000000,Total Vent Cap and Priv Equity,KSBF50171102,Sequoia Cap China Growth IV,20210131,USD,USD,TOTAL NET OF FEES,0,0,40337070,40337070,0,0,0,100,100,RAM532,20210131,,
KSBG55000000,Total Vent Cap and Priv Equity,KSBF50171002,Sequoia Cap China Venture VI,20210131,USD,USD,TOTAL NET OF FEES,0,0,8413005.1,8413005.1,0,0,0,100,100,RAM532,20210131,,
KSBG55000000,Total Vent Cap and Priv Equity,KSBF50170002,Thompson Street Capital IV,20210131,USD,USD,TOTAL NET OF FEES,0,0,22828675,22828675,0,0,0,100,100,RAM532,20210131,,
KSBG55000000,Total Vent Cap and Priv Equity,KSBF50169102,Trustbridge VI,20210131,USD,USD,TOTAL NET OF FEES,0,0,41577263.13,41577263.13,0,0,0,100,100,RAM532,20210131,,
KSBG55000000,Total Vent Cap and Priv Equity,KSBF50169002,Trustbridge V,20210131,USD,USD,TOTAL NET OF FEES,0,0,33682158.36,33682158.36,0,0,0,100,100,RAM532,20210131,,
KSBG55000000,Total Vent Cap and Priv Equity,KSBF50168002,Kandeo Fund II,20210131,USD,USD,TOTAL NET OF FEES,0,0,12875602.96,12875602.96,0,0,0,100,100,RAM532,20210131,,
KSBG55000000,Total Vent Cap and Priv Equity,KSBF50166102,IDG China Venture V,20210131,USD,USD,TOTAL NET OF FEES,0,0,14797241,14797241,0,0,0,100,100,RAM532,20210131,,
KSBG55000000,Total Vent Cap and Priv Equity,KSBF50166002,IDG China Capital Fund III,20210131,USD,USD,TOTAL NET OF FEES,0,0,17564704,17564704,0,0,0,100,100,RAM532,20210131,,
KSBG55000000,Total Vent Cap and Priv Equity,KSBF50165002,Revolution Growth III,20210131,USD,USD,TOTAL NET OF FEES,15918,0,37920873.8,37920873.8,-0.3277,-0.3277,0,99.6723,99.6723,RAM532,20210131,,
KSBG55000000,Total Vent Cap and Priv Equity,KSBF50164102,Shoreline Fund III Co-Inv,20210131,USD,USD,TOTAL NET OF FEES,0,0,3392048,3392048,0,0,0,100,100,RAM532,20210131,,
KSBG55000000,Total Vent Cap and Priv Equity,KSBF50164002,Shoreline China Value III,20210131,USD,USD,TOTAL NET OF FEES,0,180398,7224587,7224587,-0.0388,-0.0721,0.0333,99.9612,99.9279,RAM532,20210131,,
KSBG55000000,Total Vent Cap and Priv Equity,KSBF50163402,Valar Fund VI,20210131,USD,USD,TOTAL NET OF FEES,1000000,0,3070730,3070730,0,0,0,100,100,RAM532,20210131,,
KSBG55000000,Total Vent Cap and Priv Equity,KSBF50163302,Valar Fund V,20210131,USD,USD,TOTAL NET OF FEES,300000,0,24133662,24133662,0,0,0,100,100,RAM532,20210131,,
KSBG55000000,Total Vent Cap and Priv Equity,KSBF50163202,Valar Global Fund IV,20210131,USD,USD,TOTAL NET OF FEES,0,0,28215417,28215417,0,0,0,100,100,RAM532,20210131,,
KSBG55000000,Total Vent Cap and Priv Equity,KSBF50163102,Valar Global Fund III,20210131,USD,USD,TOTAL NET OF FEES,0,0,22500000,22500000,0,0,0,100,100,RAM532,20210131,,
KSBG55000000,Total Vent Cap and Priv Equity,KSBF50163002,Valar Global Fund II,20210131,USD,USD,TOTAL NET OF FEES,0,0,22377611,22377611,0,0,0,100,100,RAM532,20210131,,
KSBG55000000,Total Vent Cap and Priv Equity,KSBF50162202,DCM Vent China IX,20210131,USD,USD,TOTAL NET OF FEES,0,0,6221813,6221813,0,0,0,100,100,RAM532,20210131,,
KSBG55000000,Total Vent Cap and Priv Equity,KSBF50162102,DCM Ventures China Fund VIII,20210131,USD,USD,TOTAL NET OF FEES,0,0,12987898,12987898,0,0,0,100,100,RAM532,20210131,,
KSBG55000000,Total Vent Cap and Priv Equity,KSBF50162002,DCM Ventures China Turbo Fund,20210131,USD,USD,TOTAL NET OF FEES,0,0,24973840,24973840,0,0,0,100,100,RAM532,20210131,,
KSBG55000000,Total Vent Cap and Priv Equity,KSBF50161402,Hillhouse Focused V,20210131,USD,USD,TOTAL NET OF FEES,0,70557,573048.64,573048.64,-14.2569,-14.4309,0.174,85.7431,85.5691,RAM532,20210131,,
KSBG55000000,Total Vent Cap and Priv Equity,KSBF50161302,Hillhouse V Feeder,20210131,USD,USD,TOTAL NET OF FEES,0,54452,240223.59,240223.59,0.1044,0,0.1044,100.1044,100,RAM532,20210131,,
KSBG55000000,Total Vent Cap and Priv Equity,KSBF50161202,Hillhouse Fund IV,20210131,USD,USD,TOTAL NET OF FEES,0,0,40812876.08,40812876.08,-0.3265,-0.3265,0,99.6735,99.6735,RAM532,20210131,,
KSBG55000000,Total Vent Cap and Priv Equity,KSBF50161102,Hillhouse Fund III,20210131,USD,USD,TOTAL NET OF FEES,0,0,42468766.96,42468766.96,0,0,0,100,100,RAM532,20210131,,
KSBG55000000,Total Vent Cap and Priv Equity,KSBF50161002,Hillhouse Fund II,20210131,USD,USD,TOTAL NET OF FEES,0,0,30742860.87,30742860.87,0,-0.0569,0.0569,100,99.9431,RAM532,20210131,,
KSBG55000000,Total Vent Cap and Priv Equity,KSBF50160102,Deerfield PD IV,20210131,USD,USD,TOTAL NET OF FEES,0,0,33801500,33801500,17.3501,17.3501,0,117.3501,117.3501,RAM532,20210131,,
KSBG55000000,Total Vent Cap and Priv Equity,KSBF50160002,Deerfield PD Fund III,20210131,USD,USD,TOTAL NET OF FEES,0,0,26467341,26467341,0,0,0,100,100,RAM532,20210131,,
KSBG55000000,Total Vent Cap and Priv Equity,KSBF50159102,Pamlico Capital IV,20210131,USD,USD,TOTAL NET OF FEES,0,0,18029335.61,18029335.61,0,0,0,100,100,RAM532,20210131,,
KSBG55000000,Total Vent Cap and Priv Equity,KSBF50159002,Pamlico Capital III LP,20210131,USD,USD,TOTAL NET OF FEES,0,0,8176426.4,8176426.4,0,0,0,100,100,RAM532,20210131,,
KSBG55000000,Total Vent Cap and Priv Equity,KSBF50158102,Kuramo Africa Opp Fund II,20210131,USD,USD,TOTAL NET OF FEES,1023765,0,16474837,16474837,-0.5892,-0.5892,0,99.4108,99.4108,RAM532,20210131,,
KSBG55000000,Total Vent Cap and Priv Equity,KSBF50158002,Kuramo Africa Opp Fund,20210131,USD,USD,TOTAL NET OF FEES,28760,93928,11812292,11812292,-0.5487,-0.5487,0,99.4513,99.4513,RAM532,20210131,,
KSBG55000000,Total Vent Cap and Priv Equity,KSBF50157102,ZMC III,20210131,USD,USD,TOTAL NET OF FEES,0,0,5785775.61,5785775.61,-2.8511,-2.8511,0,97.1489,97.1489,RAM532,20210131,,
KSBG55000000,Total Vent Cap and Priv Equity,KSBF50157002,ZMC II LP,20210131,USD,USD,TOTAL NET OF FEES,0,0,37690952.69,37690952.69,-0.2314,-0.2314,0,99.7686,99.7686,RAM532,20210131,,
KSBG55000000,Total Vent Cap and Priv Equity,KSBF50156102,Sentinel Capital VI,20210131,USD,USD,TOTAL NET OF FEES,0,0,6720782,6720782,0,0,0,100,100,RAM532,20210131,,
KSBG55000000,Total Vent Cap and Priv Equity,KSBF50156002,Sentinel Capital V,20210131,USD,USD,TOTAL NET OF FEES,0,0,9017550,9017550,0,0,0,100,100,RAM532,20210131,,
KSBG55000000,Total Vent Cap and Priv Equity,KSBF50155302,Marlin Heritage II,20210131,USD,USD,TOTAL NET OF FEES,0,0,4656494,4656494,0,0,0,100,100,RAM532,20210131,,
KSBG55000000,Total Vent Cap and Priv Equity,KSBF50155202,Marlin Equity V,20210131,USD,USD,TOTAL NET OF FEES,0,0,8945702,8945702,0,0,0,100,100,RAM532,20210131,,
KSBG55000000,Total Vent Cap and Priv Equity,KSBF50155102,Marlin Heritage L.P.,20210131,USD,USD,TOTAL NET OF FEES,0,0,4203756,4203756,0,0,0,100,100,RAM532,20210131,,
KSBG55000000,Total Vent Cap and Priv Equity,KSBF50155002,Marlin IV,20210131,USD,USD,TOTAL NET OF FEES,0,0,5755275,5755275,0,0,0,100,100,RAM532,20210131,,
KSBG55000000,Total Vent Cap and Priv Equity,KSBF50154002,Telegraph Hill III,20210131,USD,USD,TOTAL NET OF FEES,0,0,19351532.5,19351532.5,0,0,0,100,100,RAM532,20210131,,
KSBG55000000,Total Vent Cap and Priv Equity,KSBF50153202,TCV X,20210131,USD,USD,TOTAL NET OF FEES,0,0,16016197,16016197,0,0,0,100,100,RAM532,20210131,,
KSBG55000000,Total Vent Cap and Priv Equity,KSBF50153102,TCV IX,20210131,USD,USD,TOTAL NET OF FEES,0,281521,23683666,23683666,0,-2.5005,2.5005,100,97.4995,RAM532,20210131,,
KSBG55000000,Total Vent Cap and Priv Equity,KSBF50153002,TCV VIII,20210131,USD,USD,TOTAL NET OF FEES,0,0,35505386,35505386,0,0,0,100,100,RAM532,20210131,,
KSBG55000000,Total Vent Cap and Priv Equity,KSBF50152202,FTV VI LP,20210131,USD,USD,TOTAL NET OF FEES,0,0,12490480,12490480,0,0,0,100,100,RAM532,20210131,,
KSBG55000000,Total Vent Cap and Priv Equity,KSBF50152102,"FTV V, L.P.",20210131,USD,USD,TOTAL NET OF FEES,0,0,47115270,47115270,0,0,0,100,100,RAM532,20210131,,
KSBG55000000,Total Vent Cap and Priv Equity,KSBF50152002,FTV IV LP,20210131,USD,USD,TOTAL NET OF FEES,0,0,33988204.09,33988204.09,0,0,0,100,100,RAM532,20210131,,
KSBG55000000,Total Vent Cap and Priv Equity,KSBF50151402,Sequoia US GR IX,20210131,USD,USD,TOTAL NET OF FEES,0,0,1365000,1365000,0,0,0,100,100,RAM532,20210131,,
KSBG55000000,Total Vent Cap and Priv Equity,KSBF50151302,Sequoia US GR VIII,20210131,USD,USD,TOTAL NET OF FEES,0,0,8100244,8100244,0,0,0,100,100,RAM532,20210131,,
KSBG55000000,Total Vent Cap and Priv Equity,KSBF50151202,Sequoia US Growth VII,20210131,USD,USD,TOTAL NET OF FEES,0,0,14425116.68,14425116.68,0,0,0,100,100,RAM532,20210131,,
KSBG55000000,Total Vent Cap and Priv Equity,KSBF50151102,Sequoia US Growth VI,20210131,USD,USD,TOTAL NET OF FEES,0,0,11100644,11100644,0,0,0,100,100,RAM532,20210131,,
KSBG55000000,Total Vent Cap and Priv Equity,KSBF50151002,Sequoia US Growth V,20210131,USD,USD,TOTAL NET OF FEES,0,0,3430270.84,3430270.84,0,0,0,100,100,RAM532,20210131,,
KSBG55000000,Total Vent Cap and Priv Equity,KSBF50150002,Ceyuan Ventures III,20210131,USD,USD,TOTAL NET OF FEES,0,0,13008016.62,13008016.62,0,0,0,100,100,RAM532,20210131,,
KSBG55000000,Total Vent Cap and Priv Equity,KSBF50149802,Sequoia Capital India V,20210131,USD,USD,TOTAL NET OF FEES,0,0,13965403,13965403,0,0,0,100,100,RAM532,20210131,,
KSBG55000000,Total Vent Cap and Priv Equity,KSBF50149702,Sequoia China Venture V,20210131,USD,USD,TOTAL NET OF FEES,0,0,9431282.9,9431282.9,0,0,0,100,100,RAM532,20210131,,
KSBG55000000,Total Vent Cap and Priv Equity,KSBF50149602,Sequoia India IV,20210131,USD,USD,TOTAL NET OF FEES,0,0,8607909,8607909,0,0,0,100,100,RAM532,20210131,,
KSBG55000000,Total Vent Cap and Priv Equity,KSBF50149502,Sequoia China Growth III,20210131,USD,USD,TOTAL NET OF FEES,0,0,28565330.18,28565330.18,0,0,0,100,100,RAM532,20210131,,
KSBG55000000,Total Vent Cap and Priv Equity,KSBF50149402,Sequoia Israel Venture V,20210131,USD,USD,TOTAL NET OF FEES,0,0,4860872,4860872,0,0,0,100,100,RAM532,20210131,,
KSBG55000000,Total Vent Cap and Priv Equity,KSBF50149302,Sequoia China Venture IV,20210131,USD,USD,TOTAL NET OF FEES,0,0,6940921,6940921,0,0,0,100,100,RAM532,20210131,,
KSBG55000000,Total Vent Cap and Priv Equity,KSBF50149202,Sequoia China Growth 2010,20210131,USD,USD,TOTAL NET OF FEES,0,0,11643828,11643828,0,0,0,100,100,RAM532,20210131,,
KSBG55000000,Total Vent Cap and Priv Equity,KSBF50149102,Sequoia China Venture 2010,20210131,USD,USD,TOTAL NET OF FEES,0,0,10153275,10153275,0,0,0,100,100,RAM532,20210131,,
KSBG55000000,Total Vent Cap and Priv Equity,KSBF50149002,Sequoia India Growth II,20210131,USD,USD,TOTAL NET OF FEES,0,0,3894451,3894451,0,0,0,100,100,RAM532,20210131,,
KSBG55000000,Total Vent Cap and Priv Equity,KSBF50147002,Vestar Capital V,20210131,USD,USD,TOTAL NET OF FEES,0,0,611730.44,611730.44,0,0,0,100,100,RAM532,20210131,,
KSBG55000000,Total Vent Cap and Priv Equity,KSBF50146102,Varde Fund X,20210131,USD,USD,TOTAL NET OF FEES,0,0,1957253.53,1957253.53,-4.0928,-4.0928,0,95.9072,95.9072,RAM532,20210131,,
KSBG55000000,Total Vent Cap and Priv Equity,KSBF50146002,Varde IX,20210131,USD,USD,TOTAL NET OF FEES,0,0,32689.29,32689.29,5.8948,5.8948,0,105.8948,105.8948,RAM532,20210131,,
KSBG55000000,Total Vent Cap and Priv Equity,KSBF50143002,Terra Firma Cap III,20210131,USD,USD,TOTAL NET OF FEES,0,0,61423.02,61423.02,-0.707,-0.707,0,99.293,99.293,RAM532,20210131,,
KSBG55000000,Total Vent Cap and Priv Equity,KSBF50142402,TA XIII LP,20210131,USD,USD,TOTAL NET OF FEES,0,0,9688742,9688742,0,0,0,100,100,RAM532,20210131,,
KSBG55000000,Total Vent Cap and Priv Equity,KSBF50142302,TA XII,20210131,USD,USD,TOTAL NET OF FEES,0,0,7464423,7464423,0,0,0,100,100,RAM532,20210131,,
KSBG55000000,Total Vent Cap and Priv Equity,KSBF50142202,TA XI LP,20210131,USD,USD,TOTAL NET OF FEES,0,0,8845435,8845435,0,0,0,100,100,RAM532,20210131,,
KSBG55000000,Total Vent Cap and Priv Equity,KSBF50142102,TA-X LP,20210131,USD,USD,TOTAL NET OF FEES,0,0,35,35,0,0,0,100,100,RAM532,20210131,,
KSBG55000000,Total Vent Cap and Priv Equity,KSBF50142002,TA Subord Debt II LP,20210131,USD,USD,TOTAL NET OF FEES,0,0,10195,10195,0,0,0,100,100,RAM532,20210131,,
KSBG55000000,Total Vent Cap and Priv Equity,KSBF50141002,Summit Partners VII-B,20210131,USD,USD,TOTAL NET OF FEES,0,26913,947959.85,947959.85,-2.9026,-19.1823,16.2797,97.0974,80.8177,RAM532,20210131,,
KSBG55000000,Total Vent Cap and Priv Equity,KSBF50140002,Sino Finance Group,20210131,USD,USD,TOTAL NET OF FEES,0,0,54444423,54444423,0,0,0,100,100,RAM532,20210131,,
KSBG55000000,Total Vent Cap and Priv Equity,KSBF50139302,Silver Lake V,20210131,USD,USD,TOTAL NET OF FEES,2438677,1170851,33647857,33647857,-0.6982,-3.3809,2.6827,99.3018,96.6191,RAM532,20210131,,
KSBG55000000,Total Vent Cap and Priv Equity,KSBF50139202,Silver Lake IV,20210131,USD,USD,TOTAL NET OF FEES,0,0,25544315,25544315,0,0,0,100,100,RAM532,20210131,,
KSBG55000000,Total Vent Cap and Priv Equity,KSBF50139102,Silver Lake III,20210131,USD,USD,TOTAL NET OF FEES,0,51527,3417006,3417006,-0.293,-1.1345,0.8415,99.707,98.8655,RAM532,20210131,,
KSBG55000000,Total Vent Cap and Priv Equity,KSBF50139002,Silver Lake II,20210131,USD,USD,TOTAL NET OF FEES,0,0,11316,11316,0,0,0,100,100,RAM532,20210131,,
KSBG55000000,Total Vent Cap and Priv Equity,KSBF50138202,Shamrock Capital Growth IV,20210131,USD,USD,TOTAL NET OF FEES,0,0,16087650,16087650,0,0,0,100,100,RAM532,20210131,,
KSBG55000000,Total Vent Cap and Priv Equity,KSBF50138102,Shamrock Cap Growth III,20210131,USD,USD,TOTAL NET OF FEES,0,0,6688088,6688088,0,0,0,100,100,RAM532,20210131,,
KSBG55000000,Total Vent Cap and Priv Equity,KSBF50138002,Shamrock Cap Growth II,20210131,USD,USD,TOTAL NET OF FEES,0,0,49072,49072,0,0,0,100,100,RAM532,20210131,,
KSBG55000000,Total Vent Cap and Priv Equity,KSBF50137002,SB Asia Invest II,20210131,USD,USD,TOTAL NET OF FEES,0,457582,4673577,4673577,0,0,0,100,100,RAM532,20210131,,
KSBG55000000,Total Vent Cap and Priv Equity,KSBF50136102,Sankaty Credit Opps IV,20210131,USD,USD,TOTAL NET OF FEES,0,0,430201,430201,0,0,0,100,100,RAM532,20210131,,
KSBG55000000,Total Vent Cap and Priv Equity,KSBF50136002,Sankaty Credit Opps III,20210131,USD,USD,TOTAL NET OF FEES,0,0,1,1,0,0,0,100,100,RAM532,20210131,,
KSBG55000000,Total Vent Cap and Priv Equity,KSBF50135102,Saif Partners IV,20210131,USD,USD,TOTAL NET OF FEES,0,0,14571171,14571171,0,0,0,100,100,RAM532,20210131,,
KSBG55000000,Total Vent Cap and Priv Equity,KSBF50135002,Saif Partners III,20210131,USD,USD,TOTAL NET OF FEES,0,57722,28569081,28569081,0.2812,0.2812,0,100.2812,100.2812,RAM532,20210131,,
KSBG55000000,Total Vent Cap and Priv Equity,KSBF50134002,Quadrangle Cap II,20210131,USD,USD,TOTAL NET OF FEES,0,0,744963,744963,0,0,0,100,100,RAM532,20210131,,
KSBG55000000,Total Vent Cap and Priv Equity,KSBF50132102,Paul Cap IX,20210131,USD,USD,TOTAL NET OF FEES,0,0,4042638,4042638,0,0,0,100,100,RAM532,20210131,,
KSBG55000000,Total Vent Cap and Priv Equity,KSBF50132002,Paul Cap VIII- A,20210131,USD,USD,TOTAL NET OF FEES,0,0,970147,970147,0,0,0,100,100,RAM532,20210131,,
KSBG55000000,Total Vent Cap and Priv Equity,KSBF50130102,OCM Principal Opps IV,20210131,USD,USD,TOTAL NET OF FEES,0,0,145997,145997,33.5147,33.5147,0,133.5147,133.5147,RAM532,20210131,,
KSBG55000000,Total Vent Cap and Priv Equity,KSBF50129802,Oaktree Opportunities Xb,20210131,USD,USD,TOTAL NET OF FEES,1500000,0,20107896,20107896,5.9221,5.9221,0,105.9221,105.9221,RAM532,20210131,,
KSBG55000000,Total Vent Cap and Priv Equity,KSBF50129602,Oaktree Opportunities Fund IX,20210131,USD,USD,TOTAL NET OF FEES,0,0,10202046,10202046,7.1322,7.1322,0,107.1322,107.1322,RAM532,20210131,,
KSBG55000000,Total Vent Cap and Priv Equity,KSBF50129502,OCM Oppor VIII-B,20210131,USD,USD,TOTAL NET OF FEES,0,0,2248249,2248249,16.0832,16.0832,0,116.0832,116.0832,RAM532,20210131,,
KSBG55000000,Total Vent Cap and Priv Equity,KSBF50129402,OCM Oppor VIII,20210131,USD,USD,TOTAL NET OF FEES,0,0,66510,66510,16.2579,16.2579,0,116.2579,116.2579,RAM532,20210131,,
KSBG55000000,Total Vent Cap and Priv Equity,KSBF50129302,OCM Oppor VII-B,20210131,USD,USD,TOTAL NET OF FEES,0,0,28599,28599,-0.4074,-0.4074,0,99.5926,99.5926,RAM532,20210131,,
KSBG55000000,Total Vent Cap and Priv Equity,KSBF50129202,OCM Oppor VII,20210131,USD,USD,TOTAL NET OF FEES,0,0,39726,39726,9.5406,9.5406,0,109.5406,109.5406,RAM532,20210131,,
KSBG55000000,Total Vent Cap and Priv Equity,KSBF50129102,OCM Oppor VI,20210131,USD,USD,TOTAL NET OF FEES,0,0,1051,1051,1651.6667,1651.6667,0,1751.6667,1751.6667,RAM532,20210131,,
KSBG55000000,Total Vent Cap and Priv Equity,KSBF50129002,OCM Oppor V,20210131,USD,USD,TOTAL NET OF FEES,0,0,3246,3246,77.863,77.863,0,177.863,177.863,RAM532,20210131,,
KSBG55000000,Total Vent Cap and Priv Equity,KSBF50128202,NH Priv EQ Asia IV,20210131,USD,USD,TOTAL NET OF FEES,0,0,20735457,20735457,0,0,0,100,100,RAM532,20210131,,
KSBG55000000,Total Vent Cap and Priv Equity,KSBF50128102,NH Priv EQ Asia III,20210131,USD,USD,TOTAL NET OF FEES,26428,15287,12073256,12073256,-5.7783,-13.9104,8.1321,94.2217,86.0896,RAM532,20210131,,
KSBG55000000,Total Vent Cap and Priv Equity,KSBF50128002,NH Priv EQ Asia,20210131,USD,USD,TOTAL NET OF FEES,0,0,97457,97457,0,0,0,100,100,RAM532,20210131,,
KSBG55000000,Total Vent Cap and Priv Equity,KSBF50127102,MHR Institutional Partners IV,20210131,USD,USD,TOTAL NET OF FEES,0,0,16400996,16400996,1.7814,1.7814,0,101.7814,101.7814,RAM532,20210131,,
KSBG55000000,Total Vent Cap and Priv Equity,KSBF50127002,MHR Inst III,20210131,USD,USD,TOTAL NET OF FEES,0,0,5580021,5580021,3.9048,3.9048,0,103.9048,103.9048,RAM532,20210131,,
KSBG55000000,Total Vent Cap and Priv Equity,KSBF50125102,Matlin Patterson II,20210131,USD,USD,TOTAL NET OF FEES,0,0,191206,191206,0,0,0,100,100,RAM532,20210131,,
KSBG55000000,Total Vent Cap and Priv Equity,KSBF50124102,Madison Dearborn VI,20210131,USD,USD,TOTAL NET OF FEES,0,0,10485158,10485158,0,0,0,100,100,RAM532,20210131,,
KSBG55000000,Total Vent Cap and Priv Equity,KSBF50124002,Madison Dearborn V,20210131,USD,USD,TOTAL NET OF FEES,0,0,448105,448105,0,0,0,100,100,RAM532,20210131,,
KSBG55000000,Total Vent Cap and Priv Equity,KSBF50123202,Longreach Capital 3,20210131,USD,USD,TOTAL NET OF FEES,0,0,9154148,9154148,0,0,0,100,100,RAM532,20210131,,
KSBG55000000,Total Vent Cap and Priv Equity,KSBF50123102,Longreach Capital 2,20210131,USD,USD,TOTAL NET OF FEES,0,0,7265008,7265008,0,0,0,100,100,RAM532,20210131,,
KSBG55000000,Total Vent Cap and Priv Equity,KSBF50123002,Longreach Capital 1,20210131,USD,USD,TOTAL NET OF FEES,0,0,2829853.76,2829853.76,0,0,0,100,100,RAM532,20210131,,
KSBG55000000,Total Vent Cap and Priv Equity,KSBF50122102,Lone Star VII,20210131,USD,USD,TOTAL NET OF FEES,0,0,134612.23,134612.23,5.5218,5.5218,0,105.5218,105.5218,RAM532,20210131,,
KSBG55000000,Total Vent Cap and Priv Equity,KSBF50122002,Lone Star VI,20210131,USD,USD,TOTAL NET OF FEES,0,0,5953464.56,5953464.56,0,0,0,100,100,RAM532,20210131,,
KSBG55000000,Total Vent Cap and Priv Equity,KSBF50120002,Ironbridge II,20210131,USD,USD,TOTAL NET OF FEES,0,0,0.77,0.77,0,0,0,100,100,RAM532,20210131,,
KSBG55000000,Total Vent Cap and Priv Equity,KSBF50118202,Industrial Growth Partners V,20210131,USD,USD,TOTAL NET OF FEES,0,214171,9931014.83,9931014.83,-0.9018,-0.9018,0,99.0982,99.0982,RAM532,20210131,,
KSBG55000000,Total Vent Cap and Priv Equity,KSBF50118102,Industrial Growth Partners IV,20210131,USD,USD,TOTAL NET OF FEES,0,0,1692281.91,1692281.91,-0.7832,-0.7832,0,99.2168,99.2168,RAM532,20210131,,
KSBG55000000,Total Vent Cap and Priv Equity,KSBF50115602,Francisco Partners Agility II,20210131,USD,USD,TOTAL NET OF FEES,0,0,797018,797018,0,0,0,100,100,RAM532,20210131,,
KSBG55000000,Total Vent Cap and Priv Equity,KSBF50115502,Francisco Partner VI,20210131,USD,USD,TOTAL NET OF FEES,0,0,0,0,,,,,,RAM532,20210131,,
KSBG55000000,Total Vent Cap and Priv Equity,KSBF50115402,Francisco Partners V,20210131,USD,USD,TOTAL NET OF FEES,1658430,0,15426469,15426469,-0.2031,-0.2031,0,99.7969,99.7969,RAM532,20210131,,
KSBG55000000,Total Vent Cap and Priv Equity,KSBF50115302,Francisco Partners Agility,20210131,USD,USD,TOTAL NET OF FEES,0,0,22073685,22073685,0,0,0,100,100,RAM532,20210131,,
KSBG55000000,Total Vent Cap and Priv Equity,KSBF50115202,Francisco Partners IV,20210131,USD,USD,TOTAL NET OF FEES,0,0,32587071,32587071,0,0,0,100,100,RAM532,20210131,,
KSBG55000000,Total Vent Cap and Priv Equity,KSBF50115102,Francisco Partners III,20210131,USD,USD,TOTAL NET OF FEES,0,0,7748385,7748385,0,0,0,100,100,RAM532,20210131,,
KSBG55000000,Total Vent Cap and Priv Equity,KSBF50115002,Francisco Partners II,20210131,USD,USD,TOTAL NET OF FEES,0,0,1041473,1041473,0,0,0,100,100,RAM532,20210131,,
KSBG55000000,Total Vent Cap and Priv Equity,KSBF50114002,Doughty Hanson III,20210131,USD,USD,TOTAL NET OF FEES,0,0,1,1,0,0,0,100,100,RAM532,20210131,,
KSBG55000000,Total Vent Cap and Priv Equity,KSBF50113402,CVC Capital Partners VII LP,20210131,USD,USD,TOTAL NET OF FEES,0,0,18938266.71,18938266.71,-0.707,-0.707,0,99.293,99.293,RAM532,20210131,,
KSBG55000000,Total Vent Cap and Priv Equity,KSBF50113302,CVC VI,20210131,USD,USD,TOTAL NET OF FEES,0,157448,24223379.98,24223379.98,-0.7125,-0.7125,0,99.2875,99.2875,RAM532,20210131,,
KSBG55000000,Total Vent Cap and Priv Equity,KSBF50113202,CVC European V,20210131,USD,USD,TOTAL NET OF FEES,0,0,371544.36,371544.36,-0.707,-0.707,0,99.293,99.293,RAM532,20210131,,
KSBG55000000,Total Vent Cap and Priv Equity,KSBF50113102,CVC European IV,20210131,USD,USD,TOTAL NET OF FEES,0,0,24813.93,24813.93,-0.7069,-0.7069,0,99.2931,99.2931,RAM532,20210131,,
KSBG55000000,Total Vent Cap and Priv Equity,KSBF50111102,Crimson Velocity,20210131,USD,USD,TOTAL NET OF FEES,0,0,250733.69,250733.69,0,0,0,100,100,RAM532,20210131,,
KSBG55000000,Total Vent Cap and Priv Equity,KSBF50111002,Crimson Asia Capital,20210131,USD,USD,TOTAL NET OF FEES,0,0,1,1,0,0,0,100,100,RAM532,20210131,,
KSBG55000000,Total Vent Cap and Priv Equity,KSBF50110202,Corsair IV,20210131,USD,USD,TOTAL NET OF FEES,0,10551,7850369,7850369,-0.2613,-0.4198,0.1585,99.7387,99.5802,RAM532,20210131,,
KSBG55000000,Total Vent Cap and Priv Equity,KSBF50110102,Corsair III,20210131,USD,USD,TOTAL NET OF FEES,0,0,4653781,4653781,-0.6978,-0.6978,0,99.3022,99.3022,RAM532,20210131,,
KSBG55000000,Total Vent Cap and Priv Equity,KSBF50107002,Charterhouse VIII,20210131,USD,USD,TOTAL NET OF FEES,0,0,1.21,1.21,-0.8197,-0.8197,0,99.1803,99.1803,RAM532,20210131,,
KSBG55000000,Total Vent Cap and Priv Equity,KSBF50105202,"Bridgepoint Europe V, LP",20210131,USD,USD,TOTAL NET OF FEES,0,0,9824271.84,9824271.84,7.6122,7.6122,0,107.6122,107.6122,RAM532,20210131,,
KSBG55000000,Total Vent Cap and Priv Equity,KSBF50105102,Bridgepoint Eur IV,20210131,USD,USD,TOTAL NET OF FEES,0,0,3620107.99,3620107.99,4.4676,4.4676,0,104.4676,104.4676,RAM532,20210131,,
KSBG55000000,Total Vent Cap and Priv Equity,KSBF50104002,Blackstone V,20210131,USD,USD,TOTAL NET OF FEES,0,0,748092.57,748092.57,0,-16.5814,16.5814,100,83.4186,RAM532,20210131,,
KSBG55000000,Total Vent Cap and Priv Equity,KSBF50102302,Bain Capital XII,20210131,USD,USD,TOTAL NET OF FEES,0,0,13460753,13460753,0,0,0,100,100,RAM532,20210131,,
KSBG55000000,Total Vent Cap and Priv Equity,KSBF50102202,Bain Capital XI,20210131,USD,USD,TOTAL NET OF FEES,0,224868,15801682,15801682,0,-3.0949,3.0949,100,96.9051,RAM532,20210131,,
KSBG55000000,Total Vent Cap and Priv Equity,KSBF50102102,Bain Capital X,20210131,USD,USD,TOTAL NET OF FEES,0,0,3121544,3121544,0,0,0,100,100,RAM532,20210131,,
KSBG55000000,Total Vent Cap and Priv Equity,KSBF50102002,Bain Capital IX,20210131,USD,USD,TOTAL NET OF FEES,0,0,775869,775869,0,0,0,100,100,RAM532,20210131,,
KSBG55000000,Total Vent Cap and Priv Equity,KSBF50100002,Advantage Partners IV,20210131,USD,USD,TOTAL NET OF FEES,0,0,8355.52,8355.52,-1.385,-1.385,0,98.615,98.615,RAM532,20210131,,
KSBG55000000,Total Vent Cap and Priv Equity,KSBF15011002,PE Stock Distributions,20210131,USD,USD,TOTAL NET OF FEES,0,13616491,9445729.24,9445502.68,8.3923,8.3867,0.0056,108.3923,108.3867,RAM532,20210131,,
KSBG660NOT00,Total Mktble Real Assets Not,KSBG660NOT00,Total Mktble Real Assets Not,20210131,USD,USD,TOTAL NET OF FEES,0,0,239064.78,236547.95,0,0,0,100,100,RAM532,20210131,,
KSBG660NOT00,Total Mktble Real Assets Not,KSBF60023002,Chickasaw MLP,20210131,USD,USD,TOTAL NET OF FEES,0,0,2517.78,0.95,0,0,0,100,100,RAM532,20210131,,
KSBG660NOT00,Total Mktble Real Assets Not,KSBF60014002,Touradji PE Offshore,20210131,USD,USD,TOTAL NET OF FEES,0,0,236547,236547,0,0,0,100,100,RAM532,20210131,,
KSBG66000000,Total Mktble Real Assets,KSBG66000000,Total Mktble Real Assets,20210131,USD,USD,TOTAL NET OF FEES,0,0,239064.78,236547.95,0,0,0,100,100,RAM532,20210131,,
KSBG66000000,Total Mktble Real Assets,KSBF60023002,Chickasaw MLP,20210131,USD,USD,TOTAL NET OF FEES,0,0,2517.78,0.95,0,0,0,100,100,RAM532,20210131,,
KSBG66000000,Total Mktble Real Assets,KSBF60014002,Touradji PE Offshore,20210131,USD,USD,TOTAL NET OF FEES,0,0,236547,236547,0,0,0,100,100,RAM532,20210131,,
KSBG66050000,Total Energy & Other Illiquid,KSBG66050000,Total Energy & Other Illiquid,20210131,USD,USD,TOTAL NET OF FEES,1150905,3048365,507578177.8,507578177.8,0.0178,-1.0881,1.1059,100.0178,98.9119,RAM532,20210131,,
KSBG66050000,Total Energy & Other Illiquid,KSBF60531002,Bayswater Fund IV,20210131,USD,USD,TOTAL NET OF FEES,0,0,7358038,7358038,0,0,0,100,100,RAM532,20210131,,
KSBG66050000,Total Energy & Other Illiquid,KSBF60530002,Blacksand Capital II,20210131,USD,USD,TOTAL NET OF FEES,0,0,1053217.39,1053217.39,7.5373,7.5373,0,107.5373,107.5373,RAM532,20210131,,
KSBG66050000,Total Energy & Other Illiquid,KSBF60529002,VGO II,20210131,USD,USD,TOTAL NET OF FEES,0,0,15327225.7,15327225.7,0,0,0,100,100,RAM532,20210131,,
KSBG66050000,Total Energy & Other Illiquid,KSBF60528002,Energy Trust V,20210131,USD,USD,TOTAL NET OF FEES,0,0,13422981.47,13422981.47,-0.7427,-0.7427,0,99.2573,99.2573,RAM532,20210131,,
KSBG66050000,Total Energy & Other Illiquid,KSBF60527002,Pep Priv Energy Opp,20210131,USD,USD,TOTAL NET OF FEES,0,0,8711824,8711824,0,0,0,100,100,RAM532,20210131,,
KSBG66050000,Total Energy & Other Illiquid,KSBF60526102,DRA X,20210131,USD,USD,TOTAL NET OF FEES,0,0,3352639,3352639,0,0,0,100,100,RAM532,20210131,,
KSBG66050000,Total Energy & Other Illiquid,KSBF60526002,DRA Growth and Income Fund IX,20210131,USD,USD,TOTAL NET OF FEES,0,0,12820923,12820923,0,0,0,100,100,RAM532,20210131,,
KSBG66050000,Total Energy & Other Illiquid,KSBF60525102,WOF II,20210131,USD,USD,TOTAL NET OF FEES,0,0,515277.53,515277.53,0,0,0,100,100,RAM532,20210131,,
KSBG66050000,Total Energy & Other Illiquid,KSBF60525002,Wastewater Opportunities Fund,20210131,USD,USD,TOTAL NET OF FEES,0,0,15503158,15503158,0,0,0,100,100,RAM532,20210131,,
KSBG66050000,Total Energy & Other Illiquid,KSBF60524102,"ACM Fund II, LLC",20210131,USD,USD,TOTAL NET OF FEES,0,0,13865551.32,13865551.32,0,0,0,100,100,RAM532,20210131,,
KSBG66050000,Total Energy & Other Illiquid,KSBF60524002,Agriculture Capital Management,20210131,USD,USD,TOTAL NET OF FEES,0,0,25582085,25582085,0,0,0,100,100,RAM532,20210131,,
KSBG66050000,Total Energy & Other Illiquid,KSBF60523002,Campus-Clarion SHP,20210131,USD,USD,TOTAL NET OF FEES,0,0,10142069.75,10142069.75,0,0,0,100,100,RAM532,20210131,,
KSBG66050000,Total Energy & Other Illiquid,KSBF60522002,Alterna CCA Fund II,20210131,USD,USD,TOTAL NET OF FEES,0,0,11309951.87,11309951.87,0,0,0,100,100,RAM532,20210131,,
KSBG66050000,Total Energy & Other Illiquid,KSBF60521002,LBA Realty Fund V,20210131,USD,USD,TOTAL NET OF FEES,0,2802835,6793474.25,6793474.25,0,-37.4139,37.4139,100,62.5861,RAM532,20210131,,
KSBG66050000,Total Energy & Other Illiquid,KSBF60520302,Orion Mine III,20210131,USD,USD,TOTAL NET OF FEES,0,0,13622210.08,13622210.08,-0.5478,-0.5478,0,99.4522,99.4522,RAM532,20210131,,
KSBG66050000,Total Energy & Other Illiquid,KSBF60520202,Orion Mine Finance Fund II LP,20210131,USD,USD,TOTAL NET OF FEES,285714,0,22509920.78,22509920.78,0,0,0,100,100,RAM532,20210131,,
KSBG66050000,Total Energy & Other Illiquid,KSBF60520102,Orion Mine Fund I-A,20210131,USD,USD,TOTAL NET OF FEES,0,0,10652406.21,10652406.21,0,0,0,100,100,RAM532,20210131,,
KSBG66050000,Total Energy & Other Illiquid,KSBF60520002,Orion Mine Finance Fund I,20210131,USD,USD,TOTAL NET OF FEES,0,0,3808459.51,3808459.51,0,0,0,100,100,RAM532,20210131,,
KSBG66050000,Total Energy & Other Illiquid,KSBF60518102,JOG Limited Partnership No. VI,20210131,USD,USD,TOTAL NET OF FEES,0,0,2792220.2,2792220.2,3.6726,3.6726,0,103.6726,103.6726,RAM532,20210131,,
KSBG66050000,Total Energy & Other Illiquid,KSBF60518002,JOG LP NO V,20210131,USD,USD,TOTAL NET OF FEES,0,0,1097259.49,1097259.49,0.621,0.621,0,100.621,100.621,RAM532,20210131,,
KSBG66050000,Total Energy & Other Illiquid,KSBF60517102,Sentient Global IV,20210131,USD,USD,TOTAL NET OF FEES,0,0,3199046,3199046,0,0,0,100,100,RAM532,20210131,,
KSBG66050000,Total Energy & Other Illiquid,KSBF60517002,Sentient Global III,20210131,USD,USD,TOTAL NET OF FEES,0,0,2039975,2039975,0,0,0,100,100,RAM532,20210131,,
KSBG66050000,Total Energy & Other Illiquid,KSBF60515402,Resource Capital VII,20210131,USD,USD,TOTAL NET OF FEES,0,0,7123385,7123385,0,0,0,100,100,RAM532,20210131,,
KSBG66050000,Total Energy & Other Illiquid,KSBF60515302,RCF V Annex Fund L.P.,20210131,USD,USD,TOTAL NET OF FEES,0,0,631569,631569,0,0,0,100,100,RAM532,20210131,,
KSBG66050000,Total Energy & Other Illiquid,KSBF60515202,Resource Capital VI,20210131,USD,USD,TOTAL NET OF FEES,0,0,10265329,10265329,0,0,0,100,100,RAM532,20210131,,
KSBG66050000,Total Energy & Other Illiquid,KSBF60515102,Resource Capital V,20210131,USD,USD,TOTAL NET OF FEES,0,0,486104,486104,0,0,0,100,100,RAM532,20210131,,
KSBG66050000,Total Energy & Other Illiquid,KSBF60515002,Resource Capital IV,20210131,USD,USD,TOTAL NET OF FEES,0,0,1072147,1072147,0,0,0,100,100,RAM532,20210131,,
KSBG66050000,Total Energy & Other Illiquid,KSBF60514602,Quantum Energy VII,20210131,USD,USD,TOTAL NET OF FEES,0,151419,9370424.12,9370424.12,0,0,0,100,100,RAM532,20210131,,
KSBG66050000,Total Energy & Other Illiquid,KSBF60514502,Quantum Parallel Prtns. VI-C,20210131,USD,USD,TOTAL NET OF FEES,0,0,5353895.34,5353895.34,0,0,0,100,100,RAM532,20210131,,
KSBG66050000,Total Energy & Other Illiquid,KSBF60514402,Quantum Energy VI,20210131,USD,USD,TOTAL NET OF FEES,0,0,16027489.49,16027489.49,0,0,0,100,100,RAM532,20210131,,
KSBG66050000,Total Energy & Other Illiquid,KSBF60514202,Quantum Energy V,20210131,USD,USD,TOTAL NET OF FEES,0,0,2829936.58,2829936.58,0,0,0,100,100,RAM532,20210131,,
KSBG66050000,Total Energy & Other Illiquid,KSBF60514102,Quantum Energy IV,20210131,USD,USD,TOTAL NET OF FEES,0,0,683506,683506,0,0,0,100,100,RAM532,20210131,,
KSBG66050000,Total Energy & Other Illiquid,KSBF60513302,The Energy & Minerals Group IV,20210131,USD,USD,TOTAL NET OF FEES,0,0,23071541,23071541,0,0,0,100,100,RAM532,20210131,,
KSBG66050000,Total Energy & Other Illiquid,KSBF60513202,EMG Fund III,20210131,USD,USD,TOTAL NET OF FEES,0,0,11883737,11883737,0,0,0,100,100,RAM532,20210131,,
KSBG66050000,Total Energy & Other Illiquid,KSBF60513102,Energy Minerals Group Fund II,20210131,USD,USD,TOTAL NET OF FEES,0,0,17898488,17898488,0,0,0,100,100,RAM532,20210131,,
KSBG66050000,Total Energy & Other Illiquid,KSBF60513002,NGP Midstream & Res,20210131,USD,USD,TOTAL NET OF FEES,0,0,472863,472863,0,0,0,100,100,RAM532,20210131,,
KSBG66050000,Total Energy & Other Illiquid,KSBF60512302,Natural Gas Partners XI,20210131,USD,USD,TOTAL NET OF FEES,0,0,13209862,13209862,3.5277,3.5277,0,103.5277,103.5277,RAM532,20210131,,
KSBG66050000,Total Energy & Other Illiquid,KSBF60512202,Natural Gas Partners X,20210131,USD,USD,TOTAL NET OF FEES,0,0,1417925,1417925,-5.0534,-5.0534,0,94.9466,94.9466,RAM532,20210131,,
KSBG66050000,Total Energy & Other Illiquid,KSBF60512102,Natural Gas Partners IX,20210131,USD,USD,TOTAL NET OF FEES,0,0,285862,285862,62.3284,62.3284,0,162.3284,162.3284,RAM532,20210131,,
KSBG66050000,Total Energy & Other Illiquid,KSBF60511402,Merit Energy Partners J,20210131,USD,USD,TOTAL NET OF FEES,235095,0,13339750,13339750,0,0,0,100,100,RAM532,20210131,,
KSBG66050000,Total Energy & Other Illiquid,KSBF60511302,Merit Energy Partners I,20210131,USD,USD,TOTAL NET OF FEES,0,0,14424678,14424678,0,0,0,100,100,RAM532,20210131,,
KSBG66050000,Total Energy & Other Illiquid,KSBF60511202,Merit Energy G,20210131,USD,USD,TOTAL NET OF FEES,0,0,7025422,7025422,0,0,0,100,100,RAM532,20210131,,
KSBG66050000,Total Energy & Other Illiquid,KSBF60511102,Merit Energy F-1,20210131,USD,USD,TOTAL NET OF FEES,0,0,0.01,0.01,0,0,0,100,100,RAM532,20210131,,
KSBG66050000,Total Energy & Other Illiquid,KSBF60511002,Merit Energy E-1,20210131,USD,USD,TOTAL NET OF FEES,0,0,73843,73843,0,0,0,100,100,RAM532,20210131,,
KSBG66050000,Total Energy & Other Illiquid,KSBF60510602,Lime Rock VIII,20210131,USD,USD,TOTAL NET OF FEES,0,0,9931264,9931264,0,0,0,100,100,RAM532,20210131,,
KSBG66050000,Total Energy & Other Illiquid,KSBF60510502,Lime Rock Partners VII,20210131,USD,USD,TOTAL NET OF FEES,0,0,11742379,11742379,0,0,0,100,100,RAM532,20210131,,
KSBG66050000,Total Energy & Other Illiquid,KSBF60510402,Lime Rock Partners VI,20210131,USD,USD,TOTAL NET OF FEES,0,0,1814610,1814610,0,0,0,100,100,RAM532,20210131,,
KSBG66050000,Total Energy & Other Illiquid,KSBF60510302,Lime Rock Resources II-C,20210131,USD,USD,TOTAL NET OF FEES,0,0,0.01,0.01,0,0,0,100,100,RAM532,20210131,,
KSBG66050000,Total Energy & Other Illiquid,KSBF60510202,Lime Rock Partners V,20210131,USD,USD,TOTAL NET OF FEES,0,0,1620066,1620066,0,0,0,100,100,RAM532,20210131,,
KSBG66050000,Total Energy & Other Illiquid,KSBF60510102,Lime Rock IV Acquisition,20210131,USD,USD,TOTAL NET OF FEES,0,0,8898239,8898239,0,0,0,100,100,RAM532,20210131,,
KSBG66050000,Total Energy & Other Illiquid,KSBF60509202,Kayne Anderson Energy Fund VII,20210131,USD,USD,TOTAL NET OF FEES,0,0,4363821,4363821,0,0,0,100,100,RAM532,20210131,,
KSBG66050000,Total Energy & Other Illiquid,KSBF60509102,Kayne Anderson En V,20210131,USD,USD,TOTAL NET OF FEES,0,0,816975,816975,0,0,0,100,100,RAM532,20210131,,
KSBG66050000,Total Energy & Other Illiquid,KSBF60509002,Kayne Anderson En IV,20210131,USD,USD,TOTAL NET OF FEES,0,0,214804,214804,0,0,0,100,100,RAM532,20210131,,
KSBG66050000,Total Energy & Other Illiquid,KSBF60508102,Haddington Energy Partners IV,20210131,USD,USD,TOTAL NET OF FEES,57565,393,10127958,10127958,-0.3995,-0.3995,0,99.6005,99.6005,RAM532,20210131,,
KSBG66050000,Total Energy & Other Illiquid,KSBF60508002,Haddington Energy Partners III,20210131,USD,USD,TOTAL NET OF FEES,0,0,8995194,8995194,0,0,0,100,100,RAM532,20210131,,
KSBG66050000,Total Energy & Other Illiquid,KSBF60507202,Greenfield Acquisition VII,20210131,USD,USD,TOTAL NET OF FEES,0,0,8794696,8794696,0,0,0,100,100,RAM532,20210131,,
KSBG66050000,Total Energy & Other Illiquid,KSBF60507102,Greenfield Acquisition VI,20210131,USD,USD,TOTAL NET OF FEES,0,0,115919,115919,0,0,0,100,100,RAM532,20210131,,
KSBG66050000,Total Energy & Other Illiquid,KSBF60507002,Greenfield Acquisition V,20210131,USD,USD,TOTAL NET OF FEES,0,0,77431,77431,0,0,0,100,100,RAM532,20210131,,
KSBG66050000,Total Energy & Other Illiquid,KSBF60506302,First Reserve XIII,20210131,USD,USD,TOTAL NET OF FEES,11068,0,9152786,9152786,-0.2131,-0.224,0.0109,99.7869,99.776,RAM532,20210131,,
KSBG66050000,Total Energy & Other Illiquid,KSBF60506202,First Reserve XII,20210131,USD,USD,TOTAL NET OF FEES,0,0,1400278,1400278,0,0,0,100,100,RAM532,20210131,,
KSBG66050000,Total Energy & Other Illiquid,KSBF60506102,First Reserve XI,20210131,USD,USD,TOTAL NET OF FEES,0,0,5314,5314,0,0,0,100,100,RAM532,20210131,,
KSBG66050000,Total Energy & Other Illiquid,KSBF60506002,First Reserve X,20210131,USD,USD,TOTAL NET OF FEES,0,0,0.01,0.01,0,0,0,100,100,RAM532,20210131,,
KSBG66050000,Total Energy & Other Illiquid,KSBF60505302,Enervest Energy Inst. XIV-C,20210131,USD,USD,TOTAL NET OF FEES,0,0,7514146,7514146,-0.3401,-0.3401,0,99.6599,99.6599,RAM532,20210131,,
KSBG66050000,Total Energy & Other Illiquid,KSBF60505202,Enervest Energy XIII,20210131,USD,USD,TOTAL NET OF FEES,0,0,1,1,0,0,0,100,100,RAM532,20210131,,
KSBG66050000,Total Energy & Other Illiquid,KSBF60505102,Enervest Energy XII,20210131,USD,USD,TOTAL NET OF FEES,0,0,90741,90741,0,0,0,100,100,RAM532,20210131,,
KSBG66050000,Total Energy & Other Illiquid,KSBF60505002,Enervest Energy XI,20210131,USD,USD,TOTAL NET OF FEES,0,0,29873.65,29873.65,0,0,0,100,100,RAM532,20210131,,
KSBG66050000,Total Energy & Other Illiquid,KSBF60504302,Energy Spectrum VIII,20210131,USD,USD,TOTAL NET OF FEES,524901,0,4442699.17,4442699.17,-5.6912,-5.6912,0,94.3088,94.3088,RAM532,20210131,,
KSBG66050000,Total Energy & Other Illiquid,KSBF60504202,Energy Spectrum VII,20210131,USD,USD,TOTAL NET OF FEES,0,0,12253129.3,12253129.3,0,0,0,100,100,RAM532,20210131,,
KSBG66050000,Total Energy & Other Illiquid,KSBF60504102,Energy Spectrum VI,20210131,USD,USD,TOTAL NET OF FEES,0,0,3315717,3315717,0,0,0,100,100,RAM532,20210131,,
KSBG66050000,Total Energy & Other Illiquid,KSBF60503502,Encap Energy XI,20210131,USD,USD,TOTAL NET OF FEES,0,0,5054200.13,5054200.13,0,0,0,100,100,RAM532,20210131,,
KSBG66050000,Total Energy & Other Illiquid,KSBF60503402,Encap Energy X,20210131,USD,USD,TOTAL NET OF FEES,36562,1399,15709088.01,15709088.01,-0.3888,-2.0224,1.6336,99.6112,97.9776,RAM532,20210131,,
KSBG66050000,Total Energy & Other Illiquid,KSBF60503302,Encap Energy IX,20210131,USD,USD,TOTAL NET OF FEES,0,92319,4535875.14,4535875.14,0,-0.4258,0.4258,100,99.5742,RAM532,20210131,,
KSBG66050000,Total Energy & Other Illiquid,KSBF60503202,Encap Energy VIII,20210131,USD,USD,TOTAL NET OF FEES,0,0,2910646.61,2910646.61,0,0,0,100,100,RAM532,20210131,,
KSBG66050000,Total Energy & Other Illiquid,KSBF60503102,Encap Energy VII,20210131,USD,USD,TOTAL NET OF FEES,0,0,214170.15,214170.15,0,0,0,100,100,RAM532,20210131,,
KSBG66050000,Total Energy & Other Illiquid,KSBF60503002,Encap Energy VI,20210131,USD,USD,TOTAL NET OF FEES,0,0,69450.63,69450.63,0,0,0,100,100,RAM532,20210131,,
KSBG66050000,Total Energy & Other Illiquid,KSBF60502202,Denham Commodity VI,20210131,USD,USD,TOTAL NET OF FEES,0,0,10069423.87,10069423.87,0,0,0,100,100,RAM532,20210131,,
KSBG66050000,Total Energy & Other Illiquid,KSBF60502102,Denham Commodity V,20210131,USD,USD,TOTAL NET OF FEES,0,0,869612,869612,0,0,0,100,100,RAM532,20210131,,
KSBG66050000,Total Energy & Other Illiquid,KSBF60500202,Arclight Energy IV,20210131,USD,USD,TOTAL NET OF FEES,0,0,0.01,0.01,0,0,0,100,100,RAM532,20210131,,
KSBG70000000,Total Absolute Return,KSBG70000000,Total Absolute Return,20210131,USD,USD,TOTAL NET OF FEES,59450543,63007739,2761437973,2760439525,-2.0311,-2.5751,0.544,97.9689,97.4249,RAM532,20210131,,
KSBG70000000,Total Absolute Return,KSBF70097002,Laurion Capital,20210131,USD,USD,TOTAL NET OF FEES,0,0,73290000,73290000,-2.28,-2.28,0,97.72,97.72,RAM532,20210131,,
KSBG70000000,Total Absolute Return,KSBF70095002,Melvin Cap Offsh,20210131,USD,USD,TOTAL NET OF FEES,0,0,32131428.15,32131428.15,-54.098,-54.098,0,45.902,45.902,RAM532,20210131,,
KSBG70000000,Total Absolute Return,KSBF70094002,Alua,20210131,USD,USD,TOTAL NET OF FEES,0,0,54887454,54887454,-1.7019,-1.7019,0,98.2981,98.2981,RAM532,20210131,,
KSBG70000000,Total Absolute Return,KSBF70092002,Citadel Kensington,20210131,USD,USD,TOTAL NET OF FEES,50000000,0,98540059,98540059,-2.5862,-2.5862,0,97.4138,97.4138,RAM532,20210131,,
KSBG70000000,Total Absolute Return,KSBF70091002,Trivest Advisors,20210131,USD,USD,TOTAL NET OF FEES,0,0,60980897.87,60980897.87,2.5467,2.5467,0,102.5467,102.5467,RAM532,20210131,,
KSBG70000000,Total Absolute Return,KSBF70090002,Candlestick,20210131,USD,USD,TOTAL NET OF FEES,0,0,87868001.61,87868001.61,-12.3897,-12.3897,0,87.6103,87.6103,RAM532,20210131,,
KSBG70000000,Total Absolute Return,KSBF70089002,Rief Strategic Part,20210131,USD,USD,TOTAL NET OF FEES,0,0,42838373.14,42838373.14,-9.4465,-9.4465,0,90.5535,90.5535,RAM532,20210131,,
KSBG70000000,Total Absolute Return,KSBF70088002,Iron Park Win,20210131,USD,USD,TOTAL NET OF FEES,0,0,50288494.24,50288494.24,0.086,0.086,0,100.086,100.086,RAM532,20210131,,
KSBG70000000,Total Absolute Return,KSBF70087002,Segantii,20210131,USD,USD,TOTAL NET OF FEES,0,0,105408780.9,105408780.9,2.9687,2.9687,0,102.9687,102.9687,RAM532,20210131,,
KSBG70000000,Total Absolute Return,KSBF70086002,Alphadyne,20210131,USD,USD,TOTAL NET OF FEES,0,0,110130320,110130320,1.1907,1.1907,0,101.1907,101.1907,RAM532,20210131,,
KSBG70000000,Total Absolute Return,KSBF70085002,Perceptive Life Sci,20210131,USD,USD,TOTAL NET OF FEES,0,0,133811984,133811984,-4.5604,-4.5604,0,95.4396,95.4396,RAM532,20210131,,
KSBG70000000,Total Absolute Return,KSBF70084002,Soma Partners,20210131,USD,USD,TOTAL NET OF FEES,0,0,103252523,103252523,-1.9985,-1.9985,0,98.0015,98.0015,RAM532,20210131,,
KSBG70000000,Total Absolute Return,KSBF70083102,Abrams Cap Part II,20210131,USD,USD,TOTAL NET OF FEES,0,0,73329463.09,73329463.09,-1.9,-1.9,0,98.1,98.1,RAM532,20210131,,
KSBG70000000,Total Absolute Return,KSBF70083002,Riva Capital Part V,20210131,USD,USD,TOTAL NET OF FEES,0,0,28185676.34,28185676.34,-1.1336,-7.3611,6.2275,98.8664,92.6389,RAM532,20210131,,
KSBG70000000,Total Absolute Return,KSBF70082002,KSOH Fund,20210131,USD,USD,TOTAL NET OF FEES,0,0,51762708.94,51762708.94,0,0,0,100,100,RAM532,20210131,,
KSBG70000000,Total Absolute Return,KSBF70081002,Altimeter Offshore,20210131,USD,USD,TOTAL NET OF FEES,0,0,145265016.2,145265016.2,-3.2,-3.2,0,96.8,96.8,RAM532,20210131,,
KSBG70000000,Total Absolute Return,KSBF70080002,VGO Special Situations Fund I,20210131,USD,USD,TOTAL NET OF FEES,0,0,30381339.3,30381339.3,0,0,0,100,100,RAM532,20210131,,
KSBG70000000,Total Absolute Return,KSBF70079002,MTP Energy Opportunities Fd II,20210131,USD,USD,TOTAL NET OF FEES,0,0,47544177,47544177,11.0473,11.0473,0,111.0473,111.0473,RAM532,20210131,,
KSBG70000000,Total Absolute Return,KSBF70078002,Dorsal Capital Partners,20210131,USD,USD,TOTAL NET OF FEES,0,0,69853840.06,69853840.06,-1.4583,-1.4583,0,98.5417,98.5417,RAM532,20210131,,
KSBG70000000,Total Absolute Return,KSBF70075002,RA Capital Healthcare Fund,20210131,USD,USD,TOTAL NET OF FEES,0,0,2080507.3,2080507.3,-1.1447,-1.1447,0,98.8553,98.8553,RAM532,20210131,,
KSBG70000000,Total Absolute Return,KSBF70071002,DoubleLine CMBS/CRE Fund,20210131,USD,USD,TOTAL NET OF FEES,0,0,11938157.39,11938157.39,0,0,0,100,100,RAM532,20210131,,
KSBG70000000,Total Absolute Return,KSBF70070002,Pine River Special Opp.,20210131,USD,USD,TOTAL NET OF FEES,0,0,7816678.28,7816678.28,24.6552,24.6552,0,124.6552,124.6552,RAM532,20210131,,
KSBG70000000,Total Absolute Return,KSBF70068002,WAMCO Macro Opp Fund,20210131,USD,USD,TOTAL NET OF FEES,0,0,129859172.8,129859172.8,-2.4148,-2.4148,0,97.5852,97.5852,RAM532,20210131,,
KSBG70000000,Total Absolute Return,KSBF70067002,CQS Directional Opportunities,20210131,USD,USD,TOTAL NET OF FEES,0,54851721,0,0,0,0,0,100,100,RAM532,20210131,,
KSBG70000000,Total Absolute Return,KSBF70066002,Myriad,20210131,USD,USD,TOTAL NET OF FEES,0,0,11771406.71,11771406.71,-5.1118,-5.1118,0,94.8882,94.8882,RAM532,20210131,,
KSBG70000000,Total Absolute Return,KSBF70062002,Clareant Loan Fund,20210131,USD,USD,TOTAL NET OF FEES,0,0,18963723.58,18963723.58,0,0,0,100,100,RAM532,20210131,,
KSBG70000000,Total Absolute Return,KSBF70061002,Field Street,20210131,USD,USD,TOTAL NET OF FEES,0,0,661810.36,661810.36,0,0,0,100,100,RAM532,20210131,,
KSBG70000000,Total Absolute Return,KSBF70060002,TCI REP Fund I,20210131,USD,USD,TOTAL NET OF FEES,300877,368405,14426588.07,14426588.07,1.9163,1.4427,0.4736,101.9163,101.4427,RAM532,20210131,,
KSBG70000000,Total Absolute Return,KSBF70058002,Kayne Anderson Loan,20210131,USD,USD,TOTAL NET OF FEES,0,0,60644197,60644197,0,0,0,100,100,RAM532,20210131,,
KSBG70000000,Total Absolute Return,KSBF70057002,Camber,20210131,USD,USD,TOTAL NET OF FEES,0,0,108713925.9,108713925.9,6.822,6.822,0,106.822,106.822,RAM532,20210131,,
KSBG70000000,Total Absolute Return,KSBF70056002,MTP Energy Ops,20210131,USD,USD,TOTAL NET OF FEES,0,0,0.01,0.01,0,0,0,100,100,RAM532,20210131,,
KSBG70000000,Total Absolute Return,KSBF70055002,Crescent,20210131,USD,USD,TOTAL NET OF FEES,0,0,107720097.4,107720097.4,9.0036,9.0036,0,109.0036,109.0036,RAM532,20210131,,
KSBG70000000,Total Absolute Return,KSBF70054102,ILS Property&Casualty Fund II,20210131,USD,USD,TOTAL NET OF FEES,0,0,5768631,5768631,0,0,0,100,100,RAM532,20210131,,
KSBG70000000,Total Absolute Return,KSBF70054002,ILS P&C,20210131,USD,USD,TOTAL NET OF FEES,0,0,8748725,8748725,-2.6061,-2.6061,0,97.3939,97.3939,RAM532,20210131,,
KSBG70000000,Total Absolute Return,KSBF70053102,CSKS,20210131,USD,USD,TOTAL NET OF FEES,0,0,30564569.83,30564569.83,0,0,0,100,100,RAM532,20210131,,
KSBG70000000,Total Absolute Return,KSBF70053002,CapitalSpring Lending Partners,20210131,USD,USD,TOTAL NET OF FEES,0,0,2197628.28,2197628.28,11.0099,11.0099,0,111.0099,111.0099,RAM532,20210131,,
KSBG70000000,Total Absolute Return,KSBF70052002,Audax Loan Fund,20210131,USD,USD,TOTAL NET OF FEES,0,0,35387.34,0,0,0,0,100,100,RAM532,20210131,,
KSBG70000000,Total Absolute Return,KSBF70050002,Capstone Global,20210131,USD,USD,TOTAL NET OF FEES,0,0,87199872,87199872,0.1107,0.1107,0,100.1107,100.1107,RAM532,20210131,,
KSBG70000000,Total Absolute Return,KSBF70047102,PAG Asia Loan II Fund,20210131,USD,USD,TOTAL NET OF FEES,0,0,12936.06,12936.06,0,0,0,100,100,RAM532,20210131,,
KSBG70000000,Total Absolute Return,KSBF70047002,Pacific Alliance GP Asia Ln Fd,20210131,USD,USD,TOTAL NET OF FEES,0,0,176023.27,176023.27,0,0,0,100,100,RAM532,20210131,,
KSBG70000000,Total Absolute Return,KSBF70045002,DoubleLine Flexible Income,20210131,USD,USD,TOTAL NET OF FEES,9149666,7761249,170555106.6,169592046.1,1.5996,1.1223,0.4773,101.5996,101.1223,RAM532,20210131,,
KSBG70000000,Total Absolute Return,KSBF70043002,Senator,20210131,USD,USD,TOTAL NET OF FEES,0,0,972228.44,972228.44,0,0,0,100,100,RAM532,20210131,,
KSBG70000000,Total Absolute Return,KSBF70040002,ADM Capital Galleus II,20210131,USD,USD,TOTAL NET OF FEES,0,0,707362.6,707362.6,-1.3097,-1.3097,0,98.6903,98.6903,RAM532,20210131,,
KSBG70000000,Total Absolute Return,KSBF70039002,Bridgewater Pure,20210131,USD,USD,TOTAL NET OF FEES,0,0,53367883.14,53367883.14,-1.6547,-1.6547,0,98.3453,98.3453,RAM532,20210131,,
KSBG70000000,Total Absolute Return,KSBF70032002,Steadfast,20210131,USD,USD,TOTAL NET OF FEES,0,0,125444516.8,125444516.8,-7.8516,-7.8516,0,92.1484,92.1484,RAM532,20210131,,
KSBG70000000,Total Absolute Return,KSBF70029002,Centerbridge Credit,20210131,USD,USD,TOTAL NET OF FEES,0,0,10732629.59,10732629.59,1.3483,-53.5748,54.9231,101.3483,46.4252,RAM532,20210131,,
KSBG70000000,Total Absolute Return,KSBF70028002,King Street Capital,20210131,USD,USD,TOTAL NET OF FEES,0,16611,1899712.8,1899712.8,-10.136,-10.136,0,89.864,89.864,RAM532,20210131,,
KSBG70000000,Total Absolute Return,KSBF70022002,Oz,20210131,USD,USD,TOTAL NET OF FEES,0,9753,1823.04,1823.04,4.1252,4.1252,0,104.1252,104.1252,RAM532,20210131,,
KSBG70000000,Total Absolute Return,KSBF70021002,Indus Asia Pacific,20210131,USD,USD,TOTAL NET OF FEES,0,0,24941.66,24941.66,0.1737,0.1737,0,100.1737,100.1737,RAM532,20210131,,
KSBG70000000,Total Absolute Return,KSBF70020002,Highfields,20210131,USD,USD,TOTAL NET OF FEES,0,0,1418680,1418680,2.2923,2.2923,0,102.2923,102.2923,RAM532,20210131,,
KSBG70000000,Total Absolute Return,KSBF70016002,Farallon,20210131,USD,USD,TOTAL NET OF FEES,0,0,134445234.3,134445234.3,-0.7692,-0.7692,0,99.2308,99.2308,RAM532,20210131,,
KSBG70000000,Total Absolute Return,KSBF70013002,Bain Capital Public Equity,20210131,USD,USD,TOTAL NET OF FEES,0,0,86377,86377,-0.699,-0.699,0,99.301,99.301,RAM532,20210131,,
KSBG70000000,Total Absolute Return,KSBF70011002,Baupost,20210131,USD,USD,TOTAL NET OF FEES,0,0,127398712.9,127398712.9,3.9902,3.9902,0,103.9902,103.9902,RAM532,20210131,,
KSBG70000000,Total Absolute Return,KSBF60012102,Bridgewater Pure Alpha II,20210131,USD,USD,TOTAL NET OF FEES,0,0,125332189.4,125332189.4,-1.4626,-1.4626,0,98.5374,98.5374,RAM532,20210131,,
